,A,B,C
0,食物,名称,佛跳墙
1,佛跳墙,味道,腥味
2,食物,名称,炒杏鲍菇
3,炒杏鲍菇,外形,奇怪味道
4,炒杏鲍菇,外形,奇怪
5,食物,名称,红烧肉
6,红烧肉,口感,不错
7,红烧肉,口感,佛跳墙
8,红烧肉,口感,炒杏鲍菇
9,红烧肉,口感,红烧肉
10,红烧肉,口感,佛跳墙
11,红烧肉,口感,炒杏鲍菇
12,红烧肉,口感,红烧肉
13,,,肉蟹煲
14,,,米饭
15,食物,名称,牛蛙煲
16,牛蛙煲,味道,甜
17,牛蛙煲,味道,重辣
18,牛蛙煲,味道,肉蟹煲
19,牛蛙煲,味道,米饭
20,牛蛙煲,味道,牛蛙煲
21,牛蛙煲,味道,肉蟹煲
22,牛蛙煲,味道,米饭
23,牛蛙煲,味道,牛蛙煲
24,食物,名称,田鸡
25,田鸡,味道,新鲜
26,田鸡,味道,新鲜的
27,田鸡,味道,清甜味
28,食物,名称,小龙虾
29,小龙虾,味道,香
30,小龙虾,口感,香味
31,小龙虾,外形,去头
32,小龙虾,外形,去头
33,食物,名称,香辣小龙虾
34,香辣小龙虾,味道,香味
35,香辣小龙虾,味道,香
36,香辣小龙虾,味道,甜味
37,香辣小龙虾,口感,没有味道
38,香辣小龙虾,口感,去头
39,香辣小龙虾,口感,干净
40,香辣小龙虾,外形,紧致弹
41,香辣小龙虾,外形,去头
42,食物,名称,香辣小龙虾
43,香辣小龙虾,味道,香味
44,香辣小龙虾,味道,香
45,香辣小龙虾,味道,甜味
46,香辣小龙虾,口感,没有味道
47,香辣小龙虾,口感,去头
48,香辣小龙虾,口感,干净
49,香辣小龙虾,外形,紧致弹
50,香辣小龙虾,外形,去头
51,食物,名称,二郎田鸡
52,二郎田鸡,味道,新鲜
53,二郎田鸡,口感,清甜味
54,二郎田鸡,口感,紧致弹
55,食物,名称,田鸡
56,田鸡,味道,新鲜
57,田鸡,味道,新鲜的
58,田鸡,味道,清甜味
59,食物,名称,田鸡腿
60,田鸡腿,味道,新鲜的
61,田鸡腿,口感,新鲜
62,田鸡腿,口感,嫩
63,食物,名称,白锅汤
64,白锅汤,味道,没有味道
65,白锅汤,味道,没有味道
66,白锅汤,口感,中辣微麻
67,白锅汤,口感,中辣微麻
68,食物,名称,田鸡
69,田鸡,味道,新鲜
70,田鸡,味道,新鲜的
71,田鸡,味道,清甜味
72,食物,名称,香辣小龙虾
73,香辣小龙虾,味道,香味
74,香辣小龙虾,味道,香
75,香辣小龙虾,味道,甜味
76,香辣小龙虾,口感,没有味道
77,香辣小龙虾,口感,去头
78,香辣小龙虾,口感,干净
79,香辣小龙虾,外形,紧致弹
80,香辣小龙虾,外形,去头
81,食物,名称,油炸腐竹
82,油炸腐竹,味道,清甜味
83,油炸腐竹,味道,香
84,油炸腐竹,口感,油渣的香味
85,油炸腐竹,外形,油渣
86,油炸腐竹,外形,油渣
87,食物,名称,二郎田鸡
88,二郎田鸡,味道,新鲜
89,二郎田鸡,口感,清甜味
90,二郎田鸡,口感,紧致弹
91,二郎田鸡,口感,田鸡
92,二郎田鸡,口感,小龙虾
93,二郎田鸡,口感,香辣小龙虾
94,二郎田鸡,口感,香辣小龙虾
95,二郎田鸡,口感,二郎田鸡
96,二郎田鸡,口感,田鸡
97,二郎田鸡,口感,田鸡腿
98,二郎田鸡,口感,白锅汤
99,二郎田鸡,口感,田鸡
100,二郎田鸡,口感,香辣小龙虾
101,二郎田鸡,口感,油炸腐竹
102,二郎田鸡,口感,二郎田鸡
103,二郎田鸡,口感,田鸡
104,二郎田鸡,口感,小龙虾
105,二郎田鸡,口感,香辣小龙虾
106,二郎田鸡,口感,香辣小龙虾
107,二郎田鸡,口感,二郎田鸡
108,二郎田鸡,口感,田鸡
109,二郎田鸡,口感,田鸡腿
110,二郎田鸡,口感,白锅汤
111,二郎田鸡,口感,田鸡
112,二郎田鸡,口感,香辣小龙虾
113,二郎田鸡,口感,油炸腐竹
114,二郎田鸡,口感,二郎田鸡
115,,,牛排
116,,,鹅肝炒饭
117,,,青柠苏打
118,食物,名称,鸡茸蘑菇汤
119,鸡茸蘑菇汤,外形,足
120,鸡茸蘑菇汤,外形,蛋糕
121,鸡茸蘑菇汤,外形,牛排
122,鸡茸蘑菇汤,外形,鹅肝炒饭
123,鸡茸蘑菇汤,外形,青柠苏打
124,鸡茸蘑菇汤,外形,鸡茸蘑菇汤
125,鸡茸蘑菇汤,外形,蛋糕
126,鸡茸蘑菇汤,外形,牛排
127,鸡茸蘑菇汤,外形,鹅肝炒饭
128,鸡茸蘑菇汤,外形,青柠苏打
129,鸡茸蘑菇汤,外形,鸡茸蘑菇汤
130,鸡茸蘑菇汤,外形,蛋糕
131,食物,名称,海胆酱烧元贝
132,海胆酱烧元贝,口感,浓浓的
133,海胆酱烧元贝,口感,铺满表层
134,海胆酱烧元贝,外形,浓浓的
135,海胆酱烧元贝,外形,铺满表层
136,食物,名称,刺身拼盘
137,刺身拼盘,味道,鲜
138,食物,名称,芝士三文鱼焗卷
139,芝士三文鱼焗卷,口感,芝士香味
140,芝士三文鱼焗卷,口感,微煎过的
141,芝士三文鱼焗卷,口感,寿司
142,芝士三文鱼焗卷,口感,海胆酱烧元贝
143,芝士三文鱼焗卷,口感,刺身拼盘
144,芝士三文鱼焗卷,口感,芝士三文鱼焗卷
145,芝士三文鱼焗卷,口感,寿司
146,芝士三文鱼焗卷,口感,海胆酱烧元贝
147,芝士三文鱼焗卷,口感,刺身拼盘
148,芝士三文鱼焗卷,口感,芝士三文鱼焗卷
149,芝士三文鱼焗卷,口感,寿司
150,食物,名称,味增汤
151,味增汤,味道,咸咸的
152,味增汤,味道,鲜鲜的
153,味增汤,味道,腥
154,食物,名称,沙拉
155,沙拉,口感,新鲜
156,沙拉,口感,爽口
157,食物,名称,脆皮豆腐
158,脆皮豆腐,口感,有味道
159,脆皮豆腐,口感,不油腻
160,脆皮豆腐,口感,生涩
161,脆皮豆腐,口感,酥脆
162,食物,名称,饭
163,饭,口感,软烂
164,饭,口感,欠缺了一点点口感
165,食物,名称,炸豆腐
166,炸豆腐,口感,有味道
167,炸豆腐,口感,生涩
168,食物,名称,奶酪猪排
169,奶酪猪排,口感,不油腻
170,奶酪猪排,口感,酥脆
171,食物,名称,雪花牛肉套餐
172,雪花牛肉套餐,口感,入味
173,雪花牛肉套餐,外形,软烂
174,雪花牛肉套餐,外形,大片
175,食物,名称,猪排
176,猪排,口感,酥脆
177,猪排,口感,香嫩
178,猪排,口感,不油腻
179,食物,名称,樱花
180,樱花,味道,香甜
181,樱花,味道,味增汤
182,樱花,味道,沙拉
183,樱花,味道,脆皮豆腐
184,樱花,味道,饭
185,樱花,味道,炸豆腐
186,樱花,味道,奶酪猪排
187,樱花,味道,雪花牛肉套餐
188,樱花,味道,猪排
189,樱花,味道,樱花
190,樱花,味道,味增汤
191,樱花,味道,沙拉
192,樱花,味道,脆皮豆腐
193,樱花,味道,饭
194,樱花,味道,炸豆腐
195,樱花,味道,奶酪猪排
196,樱花,味道,雪花牛肉套餐
197,樱花,味道,猪排
198,樱花,味道,樱花
199,食物,名称,小卤肉饭
200,小卤肉饭,外形,浓郁
201,小卤肉饭,外形,小小的
202,小卤肉饭,外形,小卤肉饭
203,小卤肉饭,外形,小卤肉饭
204,食物,名称,剁椒牛肉米线
205,剁椒牛肉米线,口感,辣
206,剁椒牛肉米线,外形,井然有序
207,剁椒牛肉米线,外形,多
208,剁椒牛肉米线,外形,光滑明亮
209,食物,名称,米线
210,米线,味道,棒
211,米线,外形,辣
212,米线,外形,光滑明亮
213,食物,名称,剁椒牛肉米线
214,剁椒牛肉米线,口感,辣
215,剁椒牛肉米线,外形,井然有序
216,剁椒牛肉米线,外形,多
217,剁椒牛肉米线,外形,光滑明亮
218,食物,名称,米线
219,米线,味道,棒
220,米线,外形,辣
221,米线,外形,光滑明亮
222,食物,名称,米线
223,米线,味道,棒
224,米线,外形,辣
225,米线,外形,光滑明亮
226,食物,名称,米线
227,米线,味道,棒
228,米线,外形,辣
229,米线,外形,光滑明亮
230,食物,名称,番茄牛腩米线
231,番茄牛腩米线,外形,光滑明亮
232,番茄牛腩米线,外形,光滑明亮
233,番茄牛腩米线,外形,剁椒牛肉米线
234,番茄牛腩米线,外形,米线
235,番茄牛腩米线,外形,剁椒牛肉米线
236,番茄牛腩米线,外形,米线
237,番茄牛腩米线,外形,米线
238,番茄牛腩米线,外形,米线
239,番茄牛腩米线,外形,番茄牛腩米线
240,番茄牛腩米线,外形,剁椒牛肉米线
241,番茄牛腩米线,外形,米线
242,番茄牛腩米线,外形,剁椒牛肉米线
243,番茄牛腩米线,外形,米线
244,番茄牛腩米线,外形,米线
245,番茄牛腩米线,外形,米线
246,番茄牛腩米线,外形,番茄牛腩米线
247,食物,名称,酸梅汤
248,酸梅汤,味道,川辣
249,食物,名称,酸辣粉
250,酸辣粉,味道,辣味儿
251,酸辣粉,味道,地道
252,酸辣粉,味道,川辣
253,食物,名称,剁椒鱼头
254,剁椒鱼头,口感,辣
255,剁椒鱼头,口感,软烂鲜香
256,剁椒鱼头,口感,入口即化
257,食物,名称,酸辣粉
258,酸辣粉,味道,辣味儿
259,酸辣粉,味道,地道
260,酸辣粉,味道,川辣
261,食物,名称,宫保虾球
262,宫保虾球,味道,川辣
263,食物,名称,担担面
264,担担面,味道,川辣
265,担担面,味道,地道
266,担担面,味道,辣味儿
267,担担面,味道,川味儿
268,食物,名称,梅菜扣肉
269,梅菜扣肉,味道,辣味儿
270,梅菜扣肉,口感,鲜香
271,梅菜扣肉,口感,入口即化
272,梅菜扣肉,外形,软烂鲜香
273,梅菜扣肉,外形,五花肉片
274,食物,名称,担担面
275,担担面,味道,川辣
276,担担面,味道,地道
277,担担面,味道,辣味儿
278,担担面,味道,川味儿
279,食物,名称,五花肉片
280,五花肉片,口感,鲜香
281,五花肉片,口感,软烂鲜香
282,五花肉片,口感,入口即化
283,食物,名称,松仁玉米
284,松仁玉米,味道,川辣
285,食物,名称,剁椒鱼头
286,剁椒鱼头,口感,辣
287,剁椒鱼头,口感,软烂鲜香
288,剁椒鱼头,口感,入口即化
289,食物,名称,糯米藕
290,糯米藕,味道,川辣
291,食物,名称,梅菜扣肉
292,梅菜扣肉,味道,辣味儿
293,梅菜扣肉,口感,鲜香
294,梅菜扣肉,口感,入口即化
295,梅菜扣肉,外形,软烂鲜香
296,梅菜扣肉,外形,五花肉片
297,食物,名称,金银小馒头
298,金银小馒头,味道,川辣
299,食物,名称,烤鸭
300,烤鸭,味道,川辣
301,食物,名称,眉州香肠
302,眉州香肠,味道,川辣
303,眉州香肠,味道,酸梅汤
304,眉州香肠,味道,酸辣粉
305,眉州香肠,味道,剁椒鱼头
306,眉州香肠,味道,酸辣粉
307,眉州香肠,味道,宫保虾球
308,眉州香肠,味道,担担面
309,眉州香肠,味道,梅菜扣肉
310,眉州香肠,味道,担担面
311,眉州香肠,味道,五花肉片
312,眉州香肠,味道,松仁玉米
313,眉州香肠,味道,剁椒鱼头
314,眉州香肠,味道,糯米藕
315,眉州香肠,味道,梅菜扣肉
316,眉州香肠,味道,金银小馒头
317,眉州香肠,味道,烤鸭
318,眉州香肠,味道,眉州香肠
319,眉州香肠,味道,酸梅汤
320,眉州香肠,味道,酸辣粉
321,眉州香肠,味道,剁椒鱼头
322,眉州香肠,味道,酸辣粉
323,眉州香肠,味道,宫保虾球
324,眉州香肠,味道,担担面
325,眉州香肠,味道,梅菜扣肉
326,眉州香肠,味道,担担面
327,眉州香肠,味道,五花肉片
328,眉州香肠,味道,松仁玉米
329,眉州香肠,味道,剁椒鱼头
330,眉州香肠,味道,糯米藕
331,眉州香肠,味道,梅菜扣肉
332,眉州香肠,味道,金银小馒头
333,眉州香肠,味道,烤鸭
334,眉州香肠,味道,眉州香肠
335,食物,名称,东北油豆炖排骨
336,东北油豆炖排骨,味道,排骨味
337,食物,名称,黄瓜丝拌猪耳朵
338,黄瓜丝拌猪耳朵,外形,足
339,黄瓜丝拌猪耳朵,外形,足
340,食物,名称,锅包肉
341,锅包肉,口感,冲
342,锅包肉,口感,多
343,锅包肉,外形,冲
344,锅包肉,外形,多
345,食物,名称,牛肉炖土豆
346,牛肉炖土豆,外形,排骨味
347,牛肉炖土豆,外形,卖相不好
348,牛肉炖土豆,外形,双味花生拼盘
349,食物,名称,东南亚菜
350,东南亚菜,味道,地道家常菜
351,食物,名称,凉拌粉皮子
352,凉拌粉皮子,口感,爽
353,食物,名称,韭菜盒子
354,韭菜盒子,口感,野菜香味
355,韭菜盒子,口感,现做现烙
356,食物,名称,野菜丸子
357,野菜丸子,口感,野菜香味
358,野菜丸子,口感,酥
359,野菜丸子,口感,脆
360,食物,名称,猪肘子
361,猪肘子,口感,入味
362,猪肘子,口感,烂
363,猪肘子,口感,东北油豆炖排骨
364,猪肘子,口感,黄瓜丝拌猪耳朵
365,猪肘子,口感,锅包肉
366,猪肘子,口感,牛肉炖土豆
367,猪肘子,口感,双味花生拼盘
368,猪肘子,口感,东南亚菜
369,猪肘子,口感,凉拌粉皮子
370,猪肘子,口感,韭菜盒子
371,猪肘子,口感,野菜丸子
372,猪肘子,口感,猪肘子
373,猪肘子,口感,东北油豆炖排骨
374,猪肘子,口感,黄瓜丝拌猪耳朵
375,猪肘子,口感,锅包肉
376,猪肘子,口感,牛肉炖土豆
377,猪肘子,口感,双味花生拼盘
378,猪肘子,口感,东南亚菜
379,猪肘子,口感,凉拌粉皮子
380,猪肘子,口感,韭菜盒子
381,猪肘子,口感,野菜丸子
382,猪肘子,口感,猪肘子
383,食物,名称,舌尖中国
384,舌尖中国,味道,古色古香
385,食物,名称,面馆
386,面馆,口感,咸
387,面馆,外形,粗大
388,面馆,外形,粗大
389,食物,名称,三鲜面
390,三鲜面,口感,咸
391,三鲜面,外形,粗大
392,三鲜面,外形,粗大
393,三鲜面,外形,舌尖中国
394,三鲜面,外形,面馆
395,三鲜面,外形,三鲜面
396,三鲜面,外形,舌尖中国
397,三鲜面,外形,面馆
398,三鲜面,外形,三鲜面
399,,,酸辣粉
400,食物,名称,皮蛋瘦肉粥
401,皮蛋瘦肉粥,口感,舒服
402,食物,名称,养生粥
403,养生粥,外形,新颖别致
404,食物,名称,肉夹馍
405,肉夹馍,外形,脆酥的
406,肉夹馍,外形,现烤的
407,食物,名称,海鲜粥
408,海鲜粥,口感,舒服
409,食物,名称,普洱茶叶蛋
410,普洱茶叶蛋,味道,有味道儿
411,食物,名称,养生粥
412,养生粥,外形,新颖别致
413,养生粥,外形,米面皮
414,养生粥,外形,米面皮
415,养生粥,外形,担担面
416,食物,名称,南瓜粥
417,南瓜粥,口感,舒服
418,南瓜粥,口感,酸辣粉
419,食物,名称,肉夹馍
420,肉夹馍,外形,脆酥的
421,肉夹馍,外形,现烤的
422,肉夹馍,外形,酸辣粉
423,肉夹馍,外形,皮蛋瘦肉粥
424,肉夹馍,外形,养生粥
425,肉夹馍,外形,肉夹馍
426,肉夹馍,外形,海鲜粥
427,肉夹馍,外形,普洱茶叶蛋
428,肉夹馍,外形,养生粥
429,肉夹馍,外形,米面皮
430,肉夹馍,外形,米面皮
431,肉夹馍,外形,担担面
432,肉夹馍,外形,南瓜粥
433,肉夹馍,外形,酸辣粉
434,肉夹馍,外形,肉夹馍
435,肉夹馍,外形,酸辣粉
436,肉夹馍,外形,皮蛋瘦肉粥
437,肉夹馍,外形,养生粥
438,肉夹馍,外形,肉夹馍
439,肉夹馍,外形,海鲜粥
440,肉夹馍,外形,普洱茶叶蛋
441,肉夹馍,外形,养生粥
442,肉夹馍,外形,米面皮
443,肉夹馍,外形,米面皮
444,肉夹馍,外形,担担面
445,肉夹馍,外形,南瓜粥
446,肉夹馍,外形,酸辣粉
447,肉夹馍,外形,肉夹馍
448,食物,名称,拉面
449,拉面,外形,不艳俗
450,拉面,外形,红绿的
451,拉面,外形,豚骨拉面
452,食物,名称,面条
453,面条,外形,不大
454,食物,名称,拉面
455,拉面,外形,不艳俗
456,拉面,外形,红绿的
457,食物,名称,兰拉面
458,兰拉面,外形,不艳俗
459,兰拉面,外形,红绿的
460,兰拉面,外形,博多拉面
461,食物,名称,叉烧肉
462,叉烧肉,口感,少
463,叉烧肉,外形,少
464,叉烧肉,外形,少
465,食物,名称,兰拉面
466,兰拉面,外形,不艳俗
467,兰拉面,外形,红绿的
468,兰拉面,外形,拉面
469,兰拉面,外形,豚骨拉面
470,兰拉面,外形,面条
471,兰拉面,外形,拉面
472,兰拉面,外形,兰拉面
473,兰拉面,外形,博多拉面
474,兰拉面,外形,叉烧肉
475,兰拉面,外形,兰拉面
476,兰拉面,外形,拉面
477,兰拉面,外形,豚骨拉面
478,兰拉面,外形,面条
479,兰拉面,外形,拉面
480,兰拉面,外形,兰拉面
481,兰拉面,外形,博多拉面
482,兰拉面,外形,叉烧肉
483,兰拉面,外形,兰拉面
484,,,火锅
485,,,鬼饮食
486,,,烧烤
487,,,烧烤
488,,,烧烤
489,食物,名称,生牛肉
490,生牛肉,口感,涩感
491,食物,名称,三文鱼
492,三文鱼,外形,特别
493,三文鱼,外形,烧烤
494,食物,名称,五花肉
495,五花肉,口感,干
496,五花肉,口感,肥瘦合适
497,五花肉,口感,干
498,食物,名称,泡椒茄子
499,泡椒茄子,外形,入味
500,泡椒茄子,外形,小了些
501,食物,名称,排骨
502,排骨,口感,香
503,排骨,外形,大坨
504,排骨,外形,大坨
505,食物,名称,麻辣宽粉
506,麻辣宽粉,外形,入味
507,麻辣宽粉,外形,不算大
508,麻辣宽粉,外形,火锅
509,麻辣宽粉,外形,鬼饮食
510,麻辣宽粉,外形,烧烤
511,麻辣宽粉,外形,烧烤
512,麻辣宽粉,外形,烧烤
513,麻辣宽粉,外形,生牛肉
514,麻辣宽粉,外形,三文鱼
515,麻辣宽粉,外形,烧烤
516,麻辣宽粉,外形,五花肉
517,麻辣宽粉,外形,泡椒茄子
518,麻辣宽粉,外形,排骨
519,麻辣宽粉,外形,麻辣宽粉
520,麻辣宽粉,外形,火锅
521,麻辣宽粉,外形,鬼饮食
522,麻辣宽粉,外形,烧烤
523,麻辣宽粉,外形,烧烤
524,麻辣宽粉,外形,烧烤
525,麻辣宽粉,外形,生牛肉
526,麻辣宽粉,外形,三文鱼
527,麻辣宽粉,外形,烧烤
528,麻辣宽粉,外形,五花肉
529,麻辣宽粉,外形,泡椒茄子
530,麻辣宽粉,外形,排骨
531,麻辣宽粉,外形,麻辣宽粉
532,,,肉丸子
533,食物,名称,菠萝飞饼
534,菠萝飞饼,口感,油腻
535,菠萝飞饼,口感,糯米团子
536,食物,名称,珍珠肉丸
537,珍珠肉丸,外形,肉丸子
538,食物,名称,米粉米线
539,米粉米线,口感,一点都不筋道
540,米粉米线,外形,一点都不筋道
541,米粉米线,外形,宽的
542,食物,名称,臭豆腐
543,臭豆腐,味道,没任何臭味
544,臭豆腐,外形,辣
545,臭豆腐,外形,干干焦焦的
546,食物,名称,糖油粑粑
547,糖油粑粑,口感,好甜
548,糖油粑粑,口感,凉了
549,食物,名称,牛肉米线
550,牛肉米线,口感,烂烂
551,牛肉米线,口感,肉丸子
552,牛肉米线,口感,菠萝飞饼
553,牛肉米线,口感,糯米团子
554,牛肉米线,口感,珍珠肉丸
555,牛肉米线,口感,米粉米线
556,牛肉米线,口感,臭豆腐
557,牛肉米线,口感,糖油粑粑
558,牛肉米线,口感,牛肉米线
559,牛肉米线,口感,肉丸子
560,牛肉米线,口感,菠萝飞饼
561,牛肉米线,口感,糯米团子
562,牛肉米线,口感,珍珠肉丸
563,牛肉米线,口感,米粉米线
564,牛肉米线,口感,臭豆腐
565,牛肉米线,口感,糖油粑粑
566,牛肉米线,口感,牛肉米线
567,食物,名称,烤鱼
568,烤鱼,外形,特色
569,食物,名称,鸡爪
570,鸡爪,外形,特色
571,鸡爪,外形,特色
572,食物,名称,烤鱼
573,烤鱼,外形,特色
574,食物,名称,烤鱼
575,烤鱼,外形,特色
576,食物,名称,鸡爪
577,鸡爪,外形,特色
578,鸡爪,外形,特色
579,食物,名称,烤鱼
580,烤鱼,外形,特色
581,烤鱼,外形,烤鱼
582,烤鱼,外形,鸡爪
583,烤鱼,外形,烤鱼
584,烤鱼,外形,烤鱼
585,烤鱼,外形,鸡爪
586,烤鱼,外形,烤鱼
587,烤鱼,外形,烤鱼
588,烤鱼,外形,鸡爪
589,烤鱼,外形,烤鱼
590,烤鱼,外形,烤鱼
591,烤鱼,外形,鸡爪
592,烤鱼,外形,烤鱼
593,食物,名称,回锅肉
594,回锅肉,外形,水水的
595,回锅肉,外形,水水的
596,食物,名称,仔姜蛙腿
597,仔姜蛙腿,口感,新鲜
598,仔姜蛙腿,口感,烂
599,食物,名称,豉爆嫩兔
600,豉爆嫩兔,口感,沸腾
601,豉爆嫩兔,口感,回锅肉
602,豉爆嫩兔,口感,仔姜蛙腿
603,豉爆嫩兔,口感,豉爆嫩兔
604,豉爆嫩兔,口感,回锅肉
605,豉爆嫩兔,口感,仔姜蛙腿
606,豉爆嫩兔,口感,豉爆嫩兔
607,食物,名称,沙拉自助
608,沙拉自助,味道,安全卫生
609,沙拉自助,外形,好吃
610,沙拉自助,外形,齐全
611,食物,名称,沙拉
612,沙拉,味道,安全卫生
613,沙拉,外形,好吃
614,沙拉,外形,齐全
615,沙拉,外形,披萨
616,沙拉,外形,沙拉自助
617,沙拉,外形,沙拉
618,沙拉,外形,披萨
619,沙拉,外形,沙拉自助
620,沙拉,外形,沙拉
621,沙拉,外形,披萨
622,食物,名称,番茄麻辣锅
623,番茄麻辣锅,味道,鲜辣麻
624,番茄麻辣锅,味道,浓郁
625,番茄麻辣锅,味道,火锅
626,番茄麻辣锅,味道,海底捞
627,番茄麻辣锅,味道,海底捞
628,番茄麻辣锅,味道,番茄麻辣锅
629,番茄麻辣锅,味道,火锅
630,番茄麻辣锅,味道,海底捞
631,番茄麻辣锅,味道,海底捞
632,番茄麻辣锅,味道,番茄麻辣锅
633,番茄麻辣锅,味道,火锅
634,番茄麻辣锅,味道,海底捞
635,番茄麻辣锅,味道,海底捞
636,食物,名称,松茸汤
637,松茸汤,口感,清淡鲜香
638,松茸汤,口感,清淡鲜香
639,食物,名称,鳗鱼寿司
640,鳗鱼寿司,口感,新鲜
641,鳗鱼寿司,外形,薄厚适中
642,鳗鱼寿司,外形,薄厚适中
643,食物,名称,寿司
644,寿司,口感,新鲜
645,寿司,外形,薄厚适中
646,寿司,外形,薄厚适中
647,食物,名称,三文鱼寿司
648,三文鱼寿司,口感,新鲜
649,三文鱼寿司,外形,薄厚适中
650,三文鱼寿司,外形,薄厚适中
651,三文鱼寿司,外形,松茸汤
652,三文鱼寿司,外形,鳗鱼寿司
653,三文鱼寿司,外形,寿司
654,三文鱼寿司,外形,三文鱼寿司
655,三文鱼寿司,外形,松茸汤
656,三文鱼寿司,外形,鳗鱼寿司
657,三文鱼寿司,外形,寿司
658,三文鱼寿司,外形,三文鱼寿司
659,食物,名称,烧仙草
660,烧仙草,味道,文艺气息
661,烧仙草,口感,小清新
662,烧仙草,外形,细腻柔滑
663,烧仙草,外形,不算大
664,烧仙草,外形,小清新
665,食物,名称,红豆烧仙草
666,红豆烧仙草,口感,小清新
667,红豆烧仙草,外形,细腻柔滑
668,红豆烧仙草,外形,不算大
669,红豆烧仙草,外形,小清新
670,食物,名称,芒果绵绵冰
671,芒果绵绵冰,外形,超巨
672,芒果绵绵冰,外形,霸王餐
673,食物,名称,奶茶烧仙草
674,奶茶烧仙草,味道,文艺气息
675,奶茶烧仙草,口感,小清新
676,奶茶烧仙草,外形,细腻柔滑
677,奶茶烧仙草,外形,不算大
678,奶茶烧仙草,外形,小清新
679,奶茶烧仙草,外形,烧仙草
680,奶茶烧仙草,外形,红豆烧仙草
681,奶茶烧仙草,外形,芒果绵绵冰
682,奶茶烧仙草,外形,霸王餐
683,奶茶烧仙草,外形,奶茶烧仙草
684,奶茶烧仙草,外形,烧仙草
685,奶茶烧仙草,外形,红豆烧仙草
686,奶茶烧仙草,外形,芒果绵绵冰
687,奶茶烧仙草,外形,霸王餐
688,奶茶烧仙草,外形,奶茶烧仙草
689,,,米星
690,,,米星
691,,,米星
692,食物,名称,饺子
693,饺子,口感,不错
694,食物,名称,土豆丝卷饼
695,土豆丝卷饼,味道,醋的香味
696,土豆丝卷饼,味道,浓香
697,土豆丝卷饼,味道,饺子
698,土豆丝卷饼,味道,土豆丝卷饼
699,土豆丝卷饼,味道,饺子
700,土豆丝卷饼,味道,土豆丝卷饼
701,食物,名称,多宝鱼
702,多宝鱼,味道,不怎么新
703,多宝鱼,味道,多宝鱼
704,多宝鱼,味道,多宝鱼
705,食物,名称,新天烘焙
706,新天烘焙,味道,好吃
707,食物,名称,肉松面包
708,肉松面包,味道,好吃
709,食物,名称,椰蓉面包
710,椰蓉面包,味道,好吃
711,椰蓉面包,味道,新天烘焙
712,椰蓉面包,味道,肉松面包
713,椰蓉面包,味道,椰蓉面包
714,椰蓉面包,味道,新天烘焙
715,椰蓉面包,味道,肉松面包
716,椰蓉面包,味道,椰蓉面包
717,食物,名称,肯德基
718,肯德基,外形,横着出去
719,食物,名称,肯德基
720,肯德基,外形,横着出去
721,食物,名称,肯德基
722,肯德基,外形,横着出去
723,食物,名称,感恩桶
724,感恩桶,外形,横着出去
725,食物,名称,老北套餐
726,老北套餐,外形,横着出去
727,老北套餐,外形,肯德基
728,老北套餐,外形,肯德基
729,老北套餐,外形,肯德基
730,老北套餐,外形,感恩桶
731,老北套餐,外形,老北套餐
732,老北套餐,外形,肯德基
733,老北套餐,外形,肯德基
734,老北套餐,外形,肯德基
735,老北套餐,外形,感恩桶
736,老北套餐,外形,老北套餐
737,,,烤鱼
738,食物,名称,咖喱大虾
739,咖喱大虾,口感,不新鲜
740,咖喱大虾,外形,软趴趴的
741,咖喱大虾,外形,软趴趴的
742,食物,名称,烤猪颈肉
743,烤猪颈肉,口感,肥腻
744,烤猪颈肉,口感,烤鱼
745,烤猪颈肉,口感,烤鱼
746,烤猪颈肉,口感,烤鱼
747,烤猪颈肉,口感,烤鱼
748,烤猪颈肉,口感,咖喱大虾
749,烤猪颈肉,口感,烤猪颈肉
750,烤猪颈肉,口感,烤鱼
751,烤猪颈肉,口感,烤鱼
752,烤猪颈肉,口感,烤鱼
753,烤猪颈肉,口感,烤鱼
754,烤猪颈肉,口感,咖喱大虾
755,烤猪颈肉,口感,烤猪颈肉
756,烤猪颈肉,口感,烤鱼
757,烤猪颈肉,口感,烤鱼
758,烤猪颈肉,口感,烤鱼
759,食物,名称,烤羊棒
760,烤羊棒,外形,大
761,烤羊棒,外形,烤羊腿
762,食物,名称,西贝
763,西贝,口感,爽
764,食物,名称,沙棘汁
765,沙棘汁,味道,浓郁
766,沙棘汁,味道,酸
767,沙棘汁,味道,浓郁
768,沙棘汁,味道,酸汤莜面鱼鱼
769,食物,名称,黄米凉糕
770,黄米凉糕,口感,甜的
771,黄米凉糕,口感,腻
772,黄米凉糕,口感,香甜软糯
773,食物,名称,龙之梦
774,龙之梦,口感,爽
775,龙之梦,口感,烤羊棒
776,龙之梦,口感,烤羊腿
777,龙之梦,口感,西贝
778,龙之梦,口感,沙棘汁
779,龙之梦,口感,酸汤莜面鱼鱼
780,龙之梦,口感,黄米凉糕
781,龙之梦,口感,龙之梦
782,龙之梦,口感,烤羊棒
783,龙之梦,口感,烤羊腿
784,龙之梦,口感,西贝
785,龙之梦,口感,沙棘汁
786,龙之梦,口感,酸汤莜面鱼鱼
787,龙之梦,口感,黄米凉糕
788,龙之梦,口感,龙之梦
789,食物,名称,冰淇淋
790,冰淇淋,外形,耀眼
791,冰淇淋,外形,冰淇淋
792,冰淇淋,外形,冰淇淋
793,食物,名称,烧饼
794,烧饼,味道,新鲜
795,烧饼,味道,新鲜
796,食物,名称,烧饼
797,烧饼,味道,新鲜
798,烧饼,味道,新鲜
799,烧饼,味道,烧饼
800,烧饼,味道,烧饼
801,烧饼,味道,烧饼
802,烧饼,味道,烧饼
803,食物,名称,盐府老宅豆腐
804,盐府老宅豆腐,味道,口淡
805,盐府老宅豆腐,口感,不怎么入味
806,盐府老宅豆腐,口感,嫩
807,食物,名称,肥牛
808,肥牛,口感,肥腻
809,食物,名称,盐商椒麻鸡
810,盐商椒麻鸡,口感,麻麻的
811,食物,名称,养生山药红枣汁
812,养生山药红枣汁,味道,浓浓的
813,养生山药红枣汁,味道,红枣味
814,养生山药红枣汁,口感,甜
815,养生山药红枣汁,口感,浓稠
816,养生山药红枣汁,口感,好
817,食物,名称,香煎米粑
818,香煎米粑,口感,焦焦的
819,香煎米粑,外形,不腻
820,香煎米粑,外形,焦焦的
821,食物,名称,豆汤豌豆苗
822,豆汤豌豆苗,味道,怪怪的
823,食物,名称,娇子肥牛
824,娇子肥牛,外形,肥腻
825,娇子肥牛,外形,大大的
826,食物,名称,霸王餐
827,霸王餐,外形,古香古色
828,霸王餐,外形,盐府老宅豆腐
829,霸王餐,外形,肥牛
830,霸王餐,外形,盐商椒麻鸡
831,霸王餐,外形,养生山药红枣汁
832,霸王餐,外形,香煎米粑
833,霸王餐,外形,豆汤豌豆苗
834,霸王餐,外形,娇子肥牛
835,霸王餐,外形,霸王餐
836,霸王餐,外形,盐府老宅豆腐
837,霸王餐,外形,肥牛
838,霸王餐,外形,盐商椒麻鸡
839,霸王餐,外形,养生山药红枣汁
840,霸王餐,外形,香煎米粑
841,霸王餐,外形,豆汤豌豆苗
842,霸王餐,外形,娇子肥牛
843,霸王餐,外形,霸王餐
844,食物,名称,午餐肉
845,午餐肉,口感,有韧度
846,午餐肉,口感,嫩
847,食物,名称,海霸王虾饺
848,海霸王虾饺,味道,臭的
849,海霸王虾饺,味道,骚臭味
850,食物,名称,千层肚
851,千层肚,口感,新鲜
852,千层肚,外形,脆
853,千层肚,外形,一片片
854,食物,名称,毛肚
855,毛肚,口感,新鲜
856,毛肚,外形,脆
857,毛肚,外形,一片片
858,食物,名称,肥羊
859,肥羊,外形,嫩
860,肥羊,外形,多
861,食物,名称,火锅
862,火锅,味道,正宗
863,火锅,味道,正宗
864,食物,名称,雪花牛肉
865,雪花牛肉,外形,老
866,雪花牛肉,外形,大一片
867,食物,名称,虾饺
868,虾饺,味道,骚臭味
869,虾饺,口感,臭的
870,虾饺,口感,嫩
871,食物,名称,脆皮肠
872,脆皮肠,味道,没有异味
873,食物,名称,黄喉
874,黄喉,口感,不地道
875,黄喉,口感,脆
876,黄喉,外形,嫩
877,黄喉,外形,大片
878,黄喉,外形,午餐肉
879,黄喉,外形,海霸王虾饺
880,黄喉,外形,千层肚
881,黄喉,外形,毛肚
882,黄喉,外形,肥羊
883,黄喉,外形,火锅
884,黄喉,外形,雪花牛肉
885,黄喉,外形,虾饺
886,黄喉,外形,脆皮肠
887,黄喉,外形,黄喉
888,黄喉,外形,午餐肉
889,黄喉,外形,海霸王虾饺
890,黄喉,外形,千层肚
891,黄喉,外形,毛肚
892,黄喉,外形,肥羊
893,黄喉,外形,火锅
894,黄喉,外形,雪花牛肉
895,黄喉,外形,虾饺
896,黄喉,外形,脆皮肠
897,黄喉,外形,黄喉
898,食物,名称,清炒虾仁
899,清炒虾仁,外形,小
900,清炒虾仁,外形,小
901,清炒虾仁,外形,小
902,食物,名称,清蒸桂鱼
903,清蒸桂鱼,外形,巴拉不下来
904,清蒸桂鱼,外形,巴拉不下来
905,清蒸桂鱼,外形,酱爆八爪鱼
906,清蒸桂鱼,外形,老虎蟹
907,食物,名称,糖醋排骨
908,糖醋排骨,味道,咸
909,食物,名称,糖醋排骨
910,糖醋排骨,味道,咸
911,食物,名称,烧菜
912,烧菜,口感,咸
913,烧菜,口感,烧焦
914,烧菜,口感,清炒虾仁
915,烧菜,口感,清蒸桂鱼
916,烧菜,口感,酱爆八爪鱼
917,烧菜,口感,老虎蟹
918,烧菜,口感,糖醋排骨
919,烧菜,口感,糖醋排骨
920,烧菜,口感,烧菜
921,烧菜,口感,清炒虾仁
922,烧菜,口感,清蒸桂鱼
923,烧菜,口感,酱爆八爪鱼
924,烧菜,口感,老虎蟹
925,烧菜,口感,糖醋排骨
926,烧菜,口感,糖醋排骨
927,烧菜,口感,烧菜
928,食物,名称,手切鲜羊肉
929,手切鲜羊肉,口感,好
930,手切鲜羊肉,口感,老北京涮羊肉
931,手切鲜羊肉,口感,手切鲜羊肉
932,手切鲜羊肉,口感,老北京涮羊肉
933,手切鲜羊肉,口感,手切鲜羊肉
934,手切鲜羊肉,口感,老北京涮羊肉
935,食物,名称,厚牛排
936,厚牛排,外形,嫩
937,厚牛排,外形,厚
938,食物,名称,海陆大餐
939,海陆大餐,外形,嫩
940,海陆大餐,外形,厚
941,海陆大餐,外形,厚牛排
942,海陆大餐,外形,海陆大餐
943,海陆大餐,外形,厚牛排
944,海陆大餐,外形,海陆大餐
945,食物,名称,烤晶鱼
946,烤晶鱼,口感,咸
947,烤晶鱼,外形,好大一抹绿色
948,烤晶鱼,外形,好大一抹绿色
949,食物,名称,黑牛
950,黑牛,口感,新鲜
951,黑牛,口感,嫩
952,食物,名称,冷面
953,冷面,味道,有酸甜
954,冷面,味道,咸口
955,冷面,口感,有咸口
956,冷面,口感,有咸口
957,冷面,口感,烤晶鱼
958,冷面,口感,黑牛
959,冷面,口感,冷面
960,冷面,口感,烤晶鱼
961,冷面,口感,黑牛
962,冷面,口感,冷面
963,食物,名称,胡椒猪肚鸡
964,胡椒猪肚鸡,味道,吃不惯
965,胡椒猪肚鸡,口感,胡椒味
966,胡椒猪肚鸡,外形,酥
967,胡椒猪肚鸡,外形,多
968,胡椒猪肚鸡,外形,火锅
969,食物,名称,捞王
970,捞王,味道,胡椒味
971,食物,名称,煲仔饭
972,煲仔饭,味道,清淡
973,煲仔饭,口感,新鲜
974,煲仔饭,口感,清淡
975,食物,名称,蛋饺
976,蛋饺,外形,香
977,蛋饺,外形,多
978,食物,名称,蛋饺
979,蛋饺,外形,香
980,蛋饺,外形,多
981,蛋饺,外形,胡椒猪肚鸡
982,蛋饺,外形,火锅
983,蛋饺,外形,捞王
984,蛋饺,外形,煲仔饭
985,蛋饺,外形,蛋饺
986,蛋饺,外形,蛋饺
987,蛋饺,外形,胡椒猪肚鸡
988,蛋饺,外形,火锅
989,蛋饺,外形,捞王
990,蛋饺,外形,煲仔饭
991,蛋饺,外形,蛋饺
992,蛋饺,外形,蛋饺
993,食物,名称,小点心
994,小点心,口感,撤空盘子
995,食物,名称,烤生蚝
996,烤生蚝,外形,多
997,烤生蚝,外形,小点心
998,烤生蚝,外形,烤生蚝
999,烤生蚝,外形,小点心
1000,烤生蚝,外形,烤生蚝
1001,食物,名称,青菜豆腐锅仔
1002,青菜豆腐锅仔,口感,油
1003,青菜豆腐锅仔,口感,青菜豆腐锅仔
1004,青菜豆腐锅仔,口感,青菜豆腐锅仔
1005,食物,名称,叉烧包
1006,叉烧包,味道,咸
1007,食物,名称,南瓜煲
1008,南瓜煲,外形,不错
1009,食物,名称,椒盐虾
1010,椒盐虾,口感,辣
1011,椒盐虾,口感,油腻
1012,食物,名称,泡饭
1013,泡饭,口感,鲜
1014,泡饭,口感,脆脆的
1015,食物,名称,腐皮虾卷
1016,腐皮虾卷,外形,不腻口
1017,腐皮虾卷,外形,大
1018,腐皮虾卷,外形,凤爪
1019,食物,名称,海鲜泡饭
1020,海鲜泡饭,口感,鲜
1021,海鲜泡饭,口感,脆脆的
1022,海鲜泡饭,口感,叉烧包
1023,海鲜泡饭,口感,南瓜煲
1024,海鲜泡饭,口感,椒盐虾
1025,海鲜泡饭,口感,泡饭
1026,海鲜泡饭,口感,腐皮虾卷
1027,海鲜泡饭,口感,凤爪
1028,海鲜泡饭,口感,海鲜泡饭
1029,海鲜泡饭,口感,叉烧包
1030,海鲜泡饭,口感,南瓜煲
1031,海鲜泡饭,口感,椒盐虾
1032,海鲜泡饭,口感,泡饭
1033,海鲜泡饭,口感,腐皮虾卷
1034,海鲜泡饭,口感,凤爪
1035,海鲜泡饭,口感,海鲜泡饭
1036,食物,名称,日本料理
1037,日本料理,味道,沒果汁
1038,食物,名称,羊排
1039,羊排,口感,烤好拿
1040,食物,名称,牛排
1041,牛排,口感,烤好拿
1042,牛排,口感,日本料理
1043,牛排,口感,羊排
1044,牛排,口感,牛排
1045,牛排,口感,日本料理
1046,牛排,口感,羊排
1047,牛排,口感,牛排
1048,,,客家豆腐
1049,食物,名称,风口上会飞的鱼
1050,风口上会飞的鱼,口感,重口味
1051,风口上会飞的鱼,口感,脆脆的
1052,风口上会飞的鱼,口感,葱油有机花菜
1053,食物,名称,小炒黄牛肉
1054,小炒黄牛肉,口感,浓厚
1055,小炒黄牛肉,口感,炒出来的
1056,小炒黄牛肉,口感,番薯饼
1057,食物,名称,棒棒棒虾
1058,棒棒棒虾,口感,没啥味道
1059,棒棒棒虾,外形,硬硬的
1060,棒棒棒虾,外形,硬硬的
1061,食物,名称,非一般腐竹
1062,非一般腐竹,味道,好味
1063,非一般腐竹,味道,客家豆腐
1064,非一般腐竹,味道,风口上会飞的鱼
1065,非一般腐竹,味道,葱油有机花菜
1066,非一般腐竹,味道,小炒黄牛肉
1067,非一般腐竹,味道,番薯饼
1068,非一般腐竹,味道,棒棒棒虾
1069,非一般腐竹,味道,非一般腐竹
1070,非一般腐竹,味道,客家豆腐
1071,非一般腐竹,味道,风口上会飞的鱼
1072,非一般腐竹,味道,葱油有机花菜
1073,非一般腐竹,味道,小炒黄牛肉
1074,非一般腐竹,味道,番薯饼
1075,非一般腐竹,味道,棒棒棒虾
1076,非一般腐竹,味道,非一般腐竹
1077,食物,名称,火锅
1078,火锅,外形,炭火的
1079,火锅,外形,炭火的
1080,火锅,外形,火锅
1081,火锅,外形,火锅
1082,食物,名称,冬阴功汤
1083,冬阴功汤,口感,新鲜
1084,冬阴功汤,口感,油腻
1085,冬阴功汤,口感,黄咖喱鸡
1086,冬阴功汤,口感,三杯鸡
1087,冬阴功汤,口感,三杯鸡
1088,冬阴功汤,口感,泰式烤猪颈肉
1089,食物,名称,冬阴功汤
1090,冬阴功汤,口感,新鲜
1091,冬阴功汤,口感,油腻
1092,冬阴功汤,口感,黄咖喱鸡
1093,冬阴功汤,口感,菠萝海鲜饭
1094,冬阴功汤,口感,冬阴功汤
1095,冬阴功汤,口感,黄咖喱鸡
1096,冬阴功汤,口感,三杯鸡
1097,冬阴功汤,口感,三杯鸡
1098,冬阴功汤,口感,泰式烤猪颈肉
1099,冬阴功汤,口感,冬阴功汤
1100,冬阴功汤,口感,黄咖喱鸡
1101,冬阴功汤,口感,菠萝海鲜饭
1102,冬阴功汤,口感,冬阴功汤
1103,冬阴功汤,口感,黄咖喱鸡
1104,冬阴功汤,口感,三杯鸡
1105,冬阴功汤,口感,三杯鸡
1106,冬阴功汤,口感,泰式烤猪颈肉
1107,冬阴功汤,口感,冬阴功汤
1108,冬阴功汤,口感,黄咖喱鸡
1109,冬阴功汤,口感,菠萝海鲜饭
1110,食物,名称,辣子鸡
1111,辣子鸡,味道,正宗
1112,辣子鸡,味道,霸王餐
1113,食物,名称,萍乡小炒肉
1114,萍乡小炒肉,口感,正宗
1115,萍乡小炒肉,口感,外酥里嫩
1116,食物,名称,土豆丸
1117,土豆丸,口感,正宗
1118,土豆丸,口感,外酥里嫩
1119,食物,名称,米椒辣子鸡
1120,米椒辣子鸡,口感,正宗
1121,米椒辣子鸡,口感,外酥里嫩
1122,食物,名称,土豆丸
1123,土豆丸,口感,正宗
1124,土豆丸,口感,外酥里嫩
1125,土豆丸,口感,辣子鸡
1126,土豆丸,口感,霸王餐
1127,土豆丸,口感,萍乡小炒肉
1128,土豆丸,口感,土豆丸
1129,土豆丸,口感,米椒辣子鸡
1130,土豆丸,口感,土豆丸
1131,土豆丸,口感,辣子鸡
1132,土豆丸,口感,霸王餐
1133,土豆丸,口感,萍乡小炒肉
1134,土豆丸,口感,土豆丸
1135,土豆丸,口感,米椒辣子鸡
1136,土豆丸,口感,土豆丸
1137,食物,名称,火焰虾
1138,火焰虾,口感,笑辣
1139,火焰虾,口感,嫩
1140,火焰虾,口感,绿茶
1141,食物,名称,海鲜咖喱卷
1142,海鲜咖喱卷,外形,稀
1143,海鲜咖喱卷,外形,少
1144,海鲜咖喱卷,外形,火焰虾
1145,海鲜咖喱卷,外形,绿茶
1146,海鲜咖喱卷,外形,海鲜咖喱卷
1147,海鲜咖喱卷,外形,火焰虾
1148,海鲜咖喱卷,外形,绿茶
1149,海鲜咖喱卷,外形,海鲜咖喱卷
1150,食物,名称,乐天玛特
1151,乐天玛特,外形,漂亮
1152,食物,名称,酸奶
1153,酸奶,外形,漂亮
1154,酸奶,外形,乐天玛特
1155,酸奶,外形,酸奶
1156,酸奶,外形,乐天玛特
1157,酸奶,外形,酸奶
1158,食物,名称,小凉菜
1159,小凉菜,口感,燥
1160,小凉菜,口感,燥
1161,食物,名称,啤酒
1162,啤酒,味道,熏
1163,啤酒,味道,小凉菜
1164,啤酒,味道,啤酒
1165,啤酒,味道,小凉菜
1166,啤酒,味道,啤酒
1167,食物,名称,煎饼卷小豆腐
1168,煎饼卷小豆腐,外形,好看
1169,煎饼卷小豆腐,外形,煎饼卷小豆腐
1170,煎饼卷小豆腐,外形,煎饼卷小豆腐
1171,食物,名称,黑鱼蕃茄锅
1172,黑鱼蕃茄锅,外形,浓郁
1173,黑鱼蕃茄锅,外形,两大一小
1174,食物,名称,蕃茄锅汤
1175,蕃茄锅汤,味道,浓郁
1176,蕃茄锅汤,味道,黑鱼蕃茄锅
1177,蕃茄锅汤,味道,蕃茄锅汤
1178,蕃茄锅汤,味道,黑鱼蕃茄锅
1179,蕃茄锅汤,味道,蕃茄锅汤
1180,,,水
1181,食物,名称,烤哇哇叫
1182,烤哇哇叫,味道,美味
1183,食物,名称,炉鱼
1184,炉鱼,味道,烤鱼的香味
1185,炉鱼,外形,冰冰凉凉的
1186,炉鱼,外形,可爱
1187,食物,名称,青皖烤鱼
1188,青皖烤鱼,味道,香
1189,青皖烤鱼,口感,越烤越入味
1190,青皖烤鱼,口感,鲜嫩可口
1191,青皖烤鱼,口感,脆皮
1192,食物,名称,烤鱼
1193,烤鱼,味道,香
1194,烤鱼,口感,香味
1195,烤鱼,口感,脆皮
1196,烤鱼,外形,鲜嫩可口
1197,烤鱼,外形,可爱
1198,食物,名称,炉鱼
1199,炉鱼,味道,烤鱼的香味
1200,炉鱼,外形,冰冰凉凉的
1201,炉鱼,外形,可爱
1202,炉鱼,外形,水
1203,炉鱼,外形,烤哇哇叫
1204,炉鱼,外形,炉鱼
1205,炉鱼,外形,青皖烤鱼
1206,炉鱼,外形,烤鱼
1207,炉鱼,外形,炉鱼
1208,炉鱼,外形,水
1209,炉鱼,外形,烤哇哇叫
1210,炉鱼,外形,炉鱼
1211,炉鱼,外形,青皖烤鱼
1212,炉鱼,外形,烤鱼
1213,炉鱼,外形,炉鱼
1214,食物,名称,卤菜
1215,卤菜,口感,有味道
1216,卤菜,外形,不腻人
1217,卤菜,外形,大
1218,食物,名称,烧白
1219,烧白,外形,不腻人
1220,烧白,外形,大
1221,烧白,外形,大
1222,食物,名称,什么鸡
1223,什么鸡,外形,大
1224,食物,名称,剁椒茄子
1225,剁椒茄子,口感,偏辣
1226,剁椒茄子,口感,不腻人
1227,剁椒茄子,口感,卤菜
1228,剁椒茄子,口感,烧白
1229,剁椒茄子,口感,什么鸡
1230,剁椒茄子,口感,剁椒茄子
1231,剁椒茄子,口感,卤菜
1232,剁椒茄子,口感,烧白
1233,剁椒茄子,口感,什么鸡
1234,剁椒茄子,口感,剁椒茄子
1235,食物,名称,鱼香肉丝
1236,鱼香肉丝,口感,甜甜的
1237,鱼香肉丝,口感,甜甜的
1238,食物,名称,炒猪肝
1239,炒猪肝,口感,嫩滑
1240,食物,名称,韭菜炒鸡蛋
1241,韭菜炒鸡蛋,外形,老
1242,韭菜炒鸡蛋,外形,老
1243,食物,名称,炒猪肝
1244,炒猪肝,口感,嫩滑
1245,食物,名称,鱼香肉丝
1246,鱼香肉丝,口感,甜甜的
1247,鱼香肉丝,口感,甜甜的
1248,食物,名称,炒猪肝
1249,炒猪肝,口感,嫩滑
1250,食物,名称,韭菜炒鸡蛋
1251,韭菜炒鸡蛋,外形,老
1252,韭菜炒鸡蛋,外形,老
1253,韭菜炒鸡蛋,外形,鱼香肉丝
1254,韭菜炒鸡蛋,外形,炒猪肝
1255,韭菜炒鸡蛋,外形,韭菜炒鸡蛋
1256,韭菜炒鸡蛋,外形,炒猪肝
1257,韭菜炒鸡蛋,外形,鱼香肉丝
1258,韭菜炒鸡蛋,外形,炒猪肝
1259,韭菜炒鸡蛋,外形,韭菜炒鸡蛋
1260,韭菜炒鸡蛋,外形,鱼香肉丝
1261,韭菜炒鸡蛋,外形,炒猪肝
1262,韭菜炒鸡蛋,外形,韭菜炒鸡蛋
1263,韭菜炒鸡蛋,外形,炒猪肝
1264,韭菜炒鸡蛋,外形,鱼香肉丝
1265,韭菜炒鸡蛋,外形,炒猪肝
1266,韭菜炒鸡蛋,外形,韭菜炒鸡蛋
1267,,,奶油蛋糕
1268,食物,名称,乳酪塔
1269,乳酪塔,味道,酸甜
1270,食物,名称,辣肉松面包
1271,辣肉松面包,味道,辣味
1272,辣肉松面包,口感,浓郁
1273,辣肉松面包,口感,满软的
1274,辣肉松面包,外形,油腻
1275,辣肉松面包,外形,厚厚的
1276,辣肉松面包,外形,奶油蛋糕
1277,辣肉松面包,外形,乳酪塔
1278,辣肉松面包,外形,辣肉松面包
1279,辣肉松面包,外形,奶油蛋糕
1280,辣肉松面包,外形,乳酪塔
1281,辣肉松面包,外形,辣肉松面包
1282,,,摇滚沙拉
1283,食物,名称,热狗汉堡
1284,热狗汉堡,外形,多
1285,热狗汉堡,外形,照烧
1286,热狗汉堡,外形,薯条
1287,热狗汉堡,外形,张宇饼
1288,热狗汉堡,外形,星巴克
1289,热狗汉堡,外形,咖喱
1290,热狗汉堡,外形,摇滚沙拉
1291,热狗汉堡,外形,热狗汉堡
1292,热狗汉堡,外形,照烧
1293,热狗汉堡,外形,薯条
1294,热狗汉堡,外形,张宇饼
1295,热狗汉堡,外形,星巴克
1296,热狗汉堡,外形,咖喱
1297,热狗汉堡,外形,摇滚沙拉
1298,热狗汉堡,外形,热狗汉堡
1299,热狗汉堡,外形,照烧
1300,热狗汉堡,外形,薯条
1301,热狗汉堡,外形,张宇饼
1302,热狗汉堡,外形,星巴克
1303,热狗汉堡,外形,咖喱
1304,食物,名称,呷哺呷哺
1305,呷哺呷哺,口感,新鲜
1306,呷哺呷哺,口感,饱
1307,呷哺呷哺,口感,呷哺呷哺
1308,呷哺呷哺,口感,呷哺呷哺
1309,食物,名称,榴莲烤鸡
1310,榴莲烤鸡,口感,咸
1311,榴莲烤鸡,外形,好大一块
1312,榴莲烤鸡,外形,好大一块
1313,食物,名称,榴莲大肠
1314,榴莲大肠,味道,咸
1315,食物,名称,焦糖布丁
1316,焦糖布丁,味道,甜
1317,焦糖布丁,外形,奶味十足
1318,焦糖布丁,外形,小小的
1319,食物,名称,红糖糍粑
1320,红糖糍粑,口感,饱
1321,红糖糍粑,外形,粘在盘子上
1322,红糖糍粑,外形,块头不小
1323,红糖糍粑,外形,榴莲烤鸡
1324,红糖糍粑,外形,榴莲大肠
1325,红糖糍粑,外形,焦糖布丁
1326,红糖糍粑,外形,红糖糍粑
1327,红糖糍粑,外形,榴莲烤鸡
1328,红糖糍粑,外形,榴莲大肠
1329,红糖糍粑,外形,焦糖布丁
1330,红糖糍粑,外形,红糖糍粑
1331,,,七分甜
1332,食物,名称,奇异果多多
1333,奇异果多多,味道,酸
1334,食物,名称,奇异果多多
1335,奇异果多多,味道,酸
1336,食物,名称,芒果颗粒
1337,芒果颗粒,味道,酸
1338,芒果颗粒,味道,芒果西米露
1339,食物,名称,西柚多多
1340,西柚多多,口感,苦
1341,西柚多多,口感,不是很好
1342,西柚多多,口感,七分甜
1343,西柚多多,口感,奇异果多多
1344,西柚多多,口感,奇异果多多
1345,西柚多多,口感,芒果颗粒
1346,西柚多多,口感,芒果西米露
1347,西柚多多,口感,西柚多多
1348,西柚多多,口感,七分甜
1349,西柚多多,口感,奇异果多多
1350,西柚多多,口感,奇异果多多
1351,西柚多多,口感,芒果颗粒
1352,西柚多多,口感,芒果西米露
1353,西柚多多,口感,西柚多多
1354,食物,名称,酸奶吐司
1355,酸奶吐司,外形,漂亮
1356,食物,名称,芝士肉酱薯条
1357,芝士肉酱薯条,口感,干
1358,食物,名称,冰淇淋
1359,冰淇淋,外形,硬硬的
1360,冰淇淋,外形,球球面包
1361,冰淇淋,外形,奶酪鸡肉
1362,食物,名称,蓝天白云
1363,蓝天白云,外形,甜甜的
1364,蓝天白云,外形,好看
1365,蓝天白云,外形,酸奶吐司
1366,蓝天白云,外形,芝士肉酱薯条
1367,蓝天白云,外形,冰淇淋
1368,蓝天白云,外形,奶酪鸡肉
1369,蓝天白云,外形,蓝天白云
1370,蓝天白云,外形,酸奶吐司
1371,蓝天白云,外形,芝士肉酱薯条
1372,蓝天白云,外形,冰淇淋
1373,蓝天白云,外形,奶酪鸡肉
1374,蓝天白云,外形,蓝天白云
1375,,,鲍鱼茄子煲
1376,,,肉三鲜
1377,食物,名称,锅包肉
1378,锅包肉,口感,不错
1379,食物,名称,饺子
1380,饺子,口感,出色
1381,饺子,口感,猪肉香菇
1382,饺子,口感,鲍鱼茄子煲
1383,饺子,口感,肉三鲜
1384,饺子,口感,锅包肉
1385,饺子,口感,饺子
1386,饺子,口感,猪肉香菇
1387,饺子,口感,鲍鱼茄子煲
1388,饺子,口感,肉三鲜
1389,饺子,口感,锅包肉
1390,饺子,口感,饺子
1391,饺子,口感,猪肉香菇
1392,,,海鲜
1393,食物,名称,烤生蚝
1394,烤生蚝,口感,淡
1395,烤生蚝,外形,小
1396,烤生蚝,外形,小
1397,烤生蚝,外形,饺子
1398,烤生蚝,外形,馄饨
1399,烤生蚝,外形,海鲜
1400,烤生蚝,外形,烤生蚝
1401,烤生蚝,外形,饺子
1402,烤生蚝,外形,馄饨
1403,烤生蚝,外形,海鲜
1404,烤生蚝,外形,烤生蚝
1405,烤生蚝,外形,饺子
1406,烤生蚝,外形,馄饨
1407,,,晾衣鹅肠
1408,食物,名称,龙虾丸
1409,龙虾丸,味道,辣味
1410,龙虾丸,味道,膻
1411,食物,名称,芝士烤大虾
1412,芝士烤大虾,口感,淡
1413,芝士烤大虾,外形,老
1414,芝士烤大虾,外形,老
1415,食物,名称,雪花牛肉
1416,雪花牛肉,味道,膻
1417,雪花牛肉,味道,辣味
1418,食物,名称,咕嘟草帽鱼
1419,咕嘟草帽鱼,味道,原味的
1420,咕嘟草帽鱼,味道,腥
1421,咕嘟草帽鱼,口感,不腥
1422,咕嘟草帽鱼,口感,嫩
1423,咕嘟草帽鱼,外形,雪白
1424,咕嘟草帽鱼,外形,雪白
1425,咕嘟草帽鱼,外形,晾衣鹅肠
1426,咕嘟草帽鱼,外形,龙虾丸
1427,咕嘟草帽鱼,外形,芝士烤大虾
1428,咕嘟草帽鱼,外形,雪花牛肉
1429,咕嘟草帽鱼,外形,咕嘟草帽鱼
1430,咕嘟草帽鱼,外形,晾衣鹅肠
1431,咕嘟草帽鱼,外形,龙虾丸
1432,咕嘟草帽鱼,外形,芝士烤大虾
1433,咕嘟草帽鱼,外形,雪花牛肉
1434,咕嘟草帽鱼,外形,咕嘟草帽鱼
1435,食物,名称,老火锅
1436,老火锅,味道,新鲜
1437,食物,名称,渣渣老火锅
1438,渣渣老火锅,味道,辣
1439,渣渣老火锅,味道,辣
1440,渣渣老火锅,味道,新鲜
1441,渣渣老火锅,味道,不香
1442,食物,名称,嫩牛肉片
1443,嫩牛肉片,味道,辣
1444,嫩牛肉片,口感,不香
1445,嫩牛肉片,口感,不错
1446,食物,名称,发鱿鱼
1447,发鱿鱼,味道,不香
1448,发鱿鱼,口感,辣
1449,发鱿鱼,口感,不错
1450,发鱿鱼,口感,老火锅
1451,发鱿鱼,口感,渣渣老火锅
1452,发鱿鱼,口感,嫩牛肉片
1453,发鱿鱼,口感,发鱿鱼
1454,发鱿鱼,口感,老火锅
1455,发鱿鱼,口感,渣渣老火锅
1456,发鱿鱼,口感,嫩牛肉片
1457,发鱿鱼,口感,发鱿鱼
1458,食物,名称,钵钵青菜
1459,钵钵青菜,口感,温和
1460,钵钵青菜,口感,温和
1461,食物,名称,相思牛肉
1462,相思牛肉,口感,辣
1463,相思牛肉,口感,好
1464,食物,名称,火锅
1465,火锅,口感,温和
1466,火锅,口感,温和
1467,食物,名称,冰淇淋
1468,冰淇淋,口感,好冰
1469,食物,名称,有机花菜
1470,有机花菜,口感,肥
1471,有机花菜,口感,腻
1472,食物,名称,蜜糖吐司
1473,蜜糖吐司,口感,好冰
1474,蜜糖吐司,口感,钵钵青菜
1475,蜜糖吐司,口感,相思牛肉
1476,蜜糖吐司,口感,火锅
1477,蜜糖吐司,口感,冰淇淋
1478,蜜糖吐司,口感,有机花菜
1479,蜜糖吐司,口感,蜜糖吐司
1480,蜜糖吐司,口感,钵钵青菜
1481,蜜糖吐司,口感,相思牛肉
1482,蜜糖吐司,口感,火锅
1483,蜜糖吐司,口感,冰淇淋
1484,蜜糖吐司,口感,有机花菜
1485,蜜糖吐司,口感,蜜糖吐司
1486,食物,名称,牛排馆
1487,牛排馆,外形,独幢的小别墅
1488,牛排馆,外形,其貌不扬
1489,食物,名称,凯撒色拉
1490,凯撒色拉,口感,清爽
1491,凯撒色拉,外形,清清口
1492,凯撒色拉,外形,其貌不扬
1493,食物,名称,小面包
1494,小面包,味道,其貌不扬
1495,小面包,口感,奶香味道十足
1496,小面包,口感,清爽
1497,小面包,口感,其貌不扬
1498,小面包,外形,清清口
1499,小面包,外形,其貌不扬
1500,食物,名称,西冷
1501,西冷,外形,其貌不扬
1502,食物,名称,牛排
1503,牛排,外形,其貌不扬
1504,牛排,外形,
1505,食物,名称,提拉米苏
1506,提拉米苏,口感,滑滑的
1507,食物,名称,布丁
1508,布丁,口感,滑滑的
1509,食物,名称,柠檬塔
1510,柠檬塔,口感,浓郁
1511,柠檬塔,外形,滑滑的
1512,柠檬塔,外形,漂亮
1513,食物,名称,橙汁西瓜汁
1514,橙汁西瓜汁,口感,鲜榨的
1515,食物,名称,汤
1516,汤,外形,多
1517,汤,外形,起泡酒
1518,汤,外形,奶油蘑菇汤
1519,食物,名称,披萨
1520,披萨,口感,咸
1521,披萨,口感,脆脆的
1522,披萨,外形,薄底的
1523,披萨,外形,薄底的
1524,食物,名称,汉堡
1525,汉堡,口感,鲜嫩多汁
1526,食物,名称,巧克力蛋糕
1527,巧克力蛋糕,口感,浓郁
1528,巧克力蛋糕,口感,滑滑的
1529,食物,名称,南瓜浓汤
1530,南瓜浓汤,味道,香
1531,南瓜浓汤,味道,鲜甜鲜甜
1532,南瓜浓汤,味道,奶油味
1533,食物,名称,披萨
1534,披萨,口感,咸
1535,披萨,口感,脆脆的
1536,披萨,外形,薄底的
1537,披萨,外形,薄底的
1538,披萨,外形,巴贝拉萨莉亚
1539,食物,名称,汉堡
1540,汉堡,口感,鲜嫩多汁
1541,汉堡,口感,牛排馆
1542,汉堡,口感,凯撒色拉
1543,汉堡,口感,小面包
1544,汉堡,口感,西冷
1545,汉堡,口感,牛排
1546,汉堡,口感,提拉米苏
1547,汉堡,口感,布丁
1548,汉堡,口感,柠檬塔
1549,汉堡,口感,橙汁西瓜汁
1550,汉堡,口感,汤
1551,汉堡,口感,起泡酒
1552,汉堡,口感,奶油蘑菇汤
1553,汉堡,口感,披萨
1554,汉堡,口感,汉堡
1555,汉堡,口感,巧克力蛋糕
1556,汉堡,口感,南瓜浓汤
1557,汉堡,口感,披萨
1558,汉堡,口感,巴贝拉萨莉亚
1559,汉堡,口感,汉堡
1560,汉堡,口感,牛排馆
1561,汉堡,口感,凯撒色拉
1562,汉堡,口感,小面包
1563,汉堡,口感,西冷
1564,汉堡,口感,牛排
1565,汉堡,口感,提拉米苏
1566,汉堡,口感,布丁
1567,汉堡,口感,柠檬塔
1568,汉堡,口感,橙汁西瓜汁
1569,汉堡,口感,汤
1570,汉堡,口感,起泡酒
1571,汉堡,口感,奶油蘑菇汤
1572,汉堡,口感,披萨
1573,汉堡,口感,汉堡
1574,汉堡,口感,巧克力蛋糕
1575,汉堡,口感,南瓜浓汤
1576,汉堡,口感,披萨
1577,汉堡,口感,巴贝拉萨莉亚
1578,汉堡,口感,汉堡
1579,食物,名称,重庆火锅
1580,重庆火锅,味道,麻
1581,重庆火锅,味道,辣
1582,重庆火锅,味道,辣
1583,食物,名称,重庆火锅
1584,重庆火锅,味道,麻
1585,重庆火锅,味道,辣
1586,重庆火锅,味道,辣
1587,重庆火锅,味道,茶
1588,重庆火锅,味道,重庆火锅
1589,重庆火锅,味道,重庆火锅
1590,重庆火锅,味道,茶
1591,重庆火锅,味道,重庆火锅
1592,重庆火锅,味道,重庆火锅
1593,重庆火锅,味道,茶
1594,食物,名称,寿司
1595,寿司,外形,巨大
1596,食物,名称,章鱼小丸子
1597,章鱼小丸子,口感,一般
1598,食物,名称,寿司
1599,寿司,外形,巨大
1600,食物,名称,外卖寿司
1601,外卖寿司,外形,塞嘴里
1602,外卖寿司,外形,巨大
1603,食物,名称,焦糖三文鱼
1604,焦糖三文鱼,外形,巨大
1605,食物,名称,寿司
1606,寿司,外形,巨大
1607,寿司,外形,寿司
1608,寿司,外形,章鱼小丸子
1609,寿司,外形,寿司
1610,寿司,外形,外卖寿司
1611,寿司,外形,焦糖三文鱼
1612,寿司,外形,寿司
1613,寿司,外形,寿司
1614,寿司,外形,章鱼小丸子
1615,寿司,外形,寿司
1616,寿司,外形,外卖寿司
1617,寿司,外形,焦糖三文鱼
1618,寿司,外形,寿司
1619,食物,名称,卷馍
1620,卷馍,味道,味美价廉
1621,卷馍,外形,没有味
1622,卷馍,外形,高了点
1623,食物,名称,酸辣粉
1624,酸辣粉,味道,好辣
1625,食物,名称,卷馍
1626,卷馍,味道,味美价廉
1627,卷馍,外形,没有味
1628,卷馍,外形,高了点
1629,卷馍,外形,黑米粥
1630,卷馍,外形,卷馍
1631,卷馍,外形,酸辣粉
1632,卷馍,外形,卷馍
1633,卷馍,外形,黑米粥
1634,卷馍,外形,卷馍
1635,卷馍,外形,酸辣粉
1636,卷馍,外形,卷馍
1637,卷馍,外形,黑米粥
1638,食物,名称,奶香牛舌
1639,奶香牛舌,口感,香
1640,奶香牛舌,口感,吃不动
1641,食物,名称,酸乳瓜
1642,酸乳瓜,口感,清脆爽口
1643,食物,名称,奶油土豆泥
1644,奶油土豆泥,味道,香
1645,食物,名称,生鱼沙拉
1646,生鱼沙拉,口感,腥
1647,生鱼沙拉,口感,吃不动
1648,食物,名称,烤猪肉
1649,烤猪肉,外形,重
1650,烤猪肉,外形,大
1651,食物,名称,牛舌
1652,牛舌,口感,奶香
1653,牛舌,口感,吃不动
1654,食物,名称,炸猪扒
1655,炸猪扒,外形,重
1656,炸猪扒,外形,大
1657,食物,名称,苹果鸭胸
1658,苹果鸭胸,味道,甜
1659,苹果鸭胸,味道,奶香牛舌
1660,苹果鸭胸,味道,酸乳瓜
1661,苹果鸭胸,味道,奶油土豆泥
1662,苹果鸭胸,味道,生鱼沙拉
1663,苹果鸭胸,味道,烤猪肉
1664,苹果鸭胸,味道,牛舌
1665,苹果鸭胸,味道,炸猪扒
1666,苹果鸭胸,味道,苹果鸭胸
1667,苹果鸭胸,味道,奶香牛舌
1668,苹果鸭胸,味道,酸乳瓜
1669,苹果鸭胸,味道,奶油土豆泥
1670,苹果鸭胸,味道,生鱼沙拉
1671,苹果鸭胸,味道,烤猪肉
1672,苹果鸭胸,味道,牛舌
1673,苹果鸭胸,味道,炸猪扒
1674,苹果鸭胸,味道,苹果鸭胸
1675,食物,名称,东坡肉
1676,东坡肉,味道,不咋滴
1677,食物,名称,汤
1678,汤,口感,温好的
1679,汤,口感,稀烂
1680,食物,名称,笋干老鸭煲
1681,笋干老鸭煲,口感,稀烂
1682,食物,名称,元宝大虾
1683,元宝大虾,口感,油
1684,元宝大虾,口感,嫩
1685,食物,名称,秋葵炒木耳
1686,秋葵炒木耳,口感,解腻
1687,食物,名称,玫瑰糕
1688,玫瑰糕,外形,多
1689,玫瑰糕,外形,东坡肉
1690,玫瑰糕,外形,汤
1691,玫瑰糕,外形,笋干老鸭煲
1692,玫瑰糕,外形,元宝大虾
1693,玫瑰糕,外形,秋葵炒木耳
1694,玫瑰糕,外形,玫瑰糕
1695,玫瑰糕,外形,东坡肉
1696,玫瑰糕,外形,汤
1697,玫瑰糕,外形,笋干老鸭煲
1698,玫瑰糕,外形,元宝大虾
1699,玫瑰糕,外形,秋葵炒木耳
1700,玫瑰糕,外形,玫瑰糕
1701,,,啤酒
1702,食物,名称,十三香
1703,十三香,外形,带辣味
1704,十三香,外形,个头不大
1705,食物,名称,烤鱼
1706,烤鱼,口感,好
1707,烤鱼,外形,单调些许
1708,烤鱼,外形,不大
1709,烤鱼,外形,烤串串
1710,烤鱼,外形,烤串串
1711,食物,名称,烧烤
1712,烧烤,外形,十三香
1713,烧烤,外形,个头不大
1714,食物,名称,烤鱼
1715,烤鱼,口感,好
1716,烤鱼,外形,单调些许
1717,烤鱼,外形,不大
1718,食物,名称,烤鱼
1719,烤鱼,口感,好
1720,烤鱼,外形,单调些许
1721,烤鱼,外形,不大
1722,食物,名称,烧烤
1723,烧烤,外形,十三香
1724,烧烤,外形,个头不大
1725,食物,名称,烤生蚝
1726,烤生蚝,口感,不够味
1727,烤生蚝,外形,肥美
1728,烤生蚝,外形,肥美
1729,食物,名称,烤鱼
1730,烤鱼,口感,好
1731,烤鱼,外形,单调些许
1732,烤鱼,外形,不大
1733,食物,名称,烤鱼
1734,烤鱼,口感,好
1735,烤鱼,外形,单调些许
1736,烤鱼,外形,不大
1737,食物,名称,烤鱼
1738,烤鱼,口感,好
1739,烤鱼,外形,单调些许
1740,烤鱼,外形,不大
1741,食物,名称,大排档
1742,大排档,外形,随意空间
1743,食物,名称,十三香
1744,十三香,外形,带辣味
1745,十三香,外形,个头不大
1746,十三香,外形,啤酒
1747,十三香,外形,十三香
1748,十三香,外形,烤鱼
1749,十三香,外形,烤串串
1750,十三香,外形,烤串串
1751,十三香,外形,烧烤
1752,十三香,外形,烤鱼
1753,十三香,外形,烤鱼
1754,十三香,外形,烧烤
1755,十三香,外形,烤生蚝
1756,十三香,外形,烤鱼
1757,十三香,外形,烤鱼
1758,十三香,外形,烤鱼
1759,十三香,外形,大排档
1760,十三香,外形,十三香
1761,十三香,外形,啤酒
1762,十三香,外形,十三香
1763,十三香,外形,烤鱼
1764,十三香,外形,烤串串
1765,十三香,外形,烤串串
1766,十三香,外形,烧烤
1767,十三香,外形,烤鱼
1768,十三香,外形,烤鱼
1769,十三香,外形,烧烤
1770,十三香,外形,烤生蚝
1771,十三香,外形,烤鱼
1772,十三香,外形,烤鱼
1773,十三香,外形,烤鱼
1774,十三香,外形,大排档
1775,十三香,外形,十三香
1776,,,羊腿肉
1777,,,麻酱油麦菜
1778,,,水煮虹鳟
1779,食物,名称,红烧肉
1780,红烧肉,外形,菜团子
1781,红烧肉,外形,沸腾鱼乡
1782,红烧肉,外形,杏鲍菇炒牛肉
1783,红烧肉,外形,烤串
1784,红烧肉,外形,羊腿肉
1785,红烧肉,外形,麻酱油麦菜
1786,红烧肉,外形,水煮虹鳟
1787,红烧肉,外形,红烧肉
1788,红烧肉,外形,沸腾鱼乡
1789,红烧肉,外形,杏鲍菇炒牛肉
1790,红烧肉,外形,烤串
1791,红烧肉,外形,羊腿肉
1792,红烧肉,外形,麻酱油麦菜
1793,红烧肉,外形,水煮虹鳟
1794,红烧肉,外形,红烧肉
1795,红烧肉,外形,沸腾鱼乡
1796,红烧肉,外形,杏鲍菇炒牛肉
1797,红烧肉,外形,烤串
1798,,,铁锅炖江鱼
1799,食物,名称,拌黄瓜拉皮
1800,拌黄瓜拉皮,味道,咸
1801,食物,名称,烤羊排
1802,烤羊排,口感,热
1803,烤羊排,口感,烤好
1804,烤羊排,口感,水煮鱼
1805,烤羊排,口感,土豆炖大鹅
1806,食物,名称,羊排
1807,羊排,口感,热
1808,羊排,口感,烤好
1809,羊排,口感,炖脊骨
1810,羊排,口感,小鸡炖蘑菇
1811,羊排,口感,毛血旺
1812,羊排,口感,铁锅炖江鱼
1813,羊排,口感,拌黄瓜拉皮
1814,羊排,口感,烤羊排
1815,羊排,口感,水煮鱼
1816,羊排,口感,土豆炖大鹅
1817,羊排,口感,羊排
1818,羊排,口感,炖脊骨
1819,羊排,口感,小鸡炖蘑菇
1820,羊排,口感,毛血旺
1821,羊排,口感,铁锅炖江鱼
1822,羊排,口感,拌黄瓜拉皮
1823,羊排,口感,烤羊排
1824,羊排,口感,水煮鱼
1825,羊排,口感,土豆炖大鹅
1826,羊排,口感,羊排
1827,羊排,口感,炖脊骨
1828,羊排,口感,小鸡炖蘑菇
1829,羊排,口感,毛血旺
1830,食物,名称,火锅
1831,火锅,味道,有特色
1832,食物,名称,酒酿
1833,酒酿,外形,少了点
1834,酒酿,外形,小圆子
1835,酒酿,外形,少了点
1836,食物,名称,酒酿
1837,酒酿,外形,少了点
1838,酒酿,外形,小圆子
1839,酒酿,外形,少了点
1840,酒酿,外形,火锅
1841,酒酿,外形,酒酿
1842,酒酿,外形,酒酿
1843,酒酿,外形,火锅
1844,酒酿,外形,酒酿
1845,酒酿,外形,酒酿
1846,食物,名称,金吉鱼
1847,金吉鱼,口感,鲜甜肥美
1848,金吉鱼,口感,细腻
1849,金吉鱼,口感,细腻
1850,金吉鱼,口感,鲜甜肥美
1851,金吉鱼,外形,酥酥
1852,金吉鱼,外形,大
1853,食物,名称,味增饭团
1854,味增饭团,味道,米香味儿
1855,食物,名称,味增汤
1856,味增汤,味道,米香味儿
1857,食物,名称,年糕锅
1858,年糕锅,口感,浓郁
1859,年糕锅,口感,糯米
1860,年糕锅,口感,金吉鱼
1861,年糕锅,口感,味增饭团
1862,年糕锅,口感,味增汤
1863,年糕锅,口感,年糕锅
1864,年糕锅,口感,金吉鱼
1865,年糕锅,口感,味增饭团
1866,年糕锅,口感,味增汤
1867,年糕锅,口感,年糕锅
1868,,,芝士炒饭
1869,食物,名称,牛雪花
1870,牛雪花,口感,嫩
1871,食物,名称,石盘烤肉
1872,石盘烤肉,口感,油烟味
1873,石盘烤肉,外形,缩手缩脚
1874,石盘烤肉,外形,小的可怜
1875,食物,名称,喷火烤肉
1876,喷火烤肉,味道,油烟味
1877,食物,名称,石盘烤肉
1878,石盘烤肉,口感,油烟味
1879,石盘烤肉,外形,缩手缩脚
1880,石盘烤肉,外形,小的可怜
1881,石盘烤肉,外形,泡菜饼
1882,石盘烤肉,外形,芝士炒饭
1883,石盘烤肉,外形,牛雪花
1884,石盘烤肉,外形,石盘烤肉
1885,石盘烤肉,外形,喷火烤肉
1886,石盘烤肉,外形,石盘烤肉
1887,石盘烤肉,外形,泡菜饼
1888,石盘烤肉,外形,芝士炒饭
1889,石盘烤肉,外形,牛雪花
1890,石盘烤肉,外形,石盘烤肉
1891,石盘烤肉,外形,喷火烤肉
1892,石盘烤肉,外形,石盘烤肉
1893,石盘烤肉,外形,泡菜饼
1894,食物,名称,秋刀鱼
1895,秋刀鱼,外形,少
1896,秋刀鱼,外形,烩面
1897,食物,名称,鸡肉卷
1898,鸡肉卷,味道,
1899,食物,名称,辣汁烤香菇
1900,辣汁烤香菇,口感,香嫩多汁
1901,食物,名称,烤翅
1902,烤翅,味道,不太入味
1903,烤翅,味道,没有腌制
1904,食物,名称,盐味串烧大虾
1905,盐味串烧大虾,口感,好
1906,盐味串烧大虾,外形,个大肉多
1907,盐味串烧大虾,外形,个大肉多
1908,盐味串烧大虾,外形,霸王餐
1909,食物,名称,摩登烧
1910,摩登烧,味道,吃不出来啥味
1911,食物,名称,板烧
1912,板烧,味道,吃不出来啥味
1913,板烧,味道,秋刀鱼
1914,板烧,味道,烩面
1915,板烧,味道,鸡肉卷
1916,板烧,味道,辣汁烤香菇
1917,板烧,味道,烤翅
1918,板烧,味道,盐味串烧大虾
1919,板烧,味道,霸王餐
1920,板烧,味道,摩登烧
1921,板烧,味道,板烧
1922,板烧,味道,秋刀鱼
1923,板烧,味道,烩面
1924,板烧,味道,鸡肉卷
1925,板烧,味道,辣汁烤香菇
1926,板烧,味道,烤翅
1927,板烧,味道,盐味串烧大虾
1928,板烧,味道,霸王餐
1929,板烧,味道,摩登烧
1930,板烧,味道,板烧
1931,食物,名称,小丸子
1932,小丸子,口感,粘粘的
1933,小丸子,外形,酥脆软嫩
1934,小丸子,外形,个头挺大
1935,食物,名称,小丸子
1936,小丸子,口感,粘粘的
1937,小丸子,外形,酥脆软嫩
1938,小丸子,外形,个头挺大
1939,食物,名称,小丸子
1940,小丸子,口感,粘粘的
1941,小丸子,外形,酥脆软嫩
1942,小丸子,外形,个头挺大
1943,食物,名称,扇贝小丸子
1944,扇贝小丸子,口感,粘粘的
1945,扇贝小丸子,口感,酥脆软嫩
1946,食物,名称,小丸子
1947,小丸子,口感,粘粘的
1948,小丸子,外形,酥脆软嫩
1949,小丸子,外形,个头挺大
1950,食物,名称,小丸子
1951,小丸子,口感,粘粘的
1952,小丸子,外形,酥脆软嫩
1953,小丸子,外形,个头挺大
1954,食物,名称,小丸子
1955,小丸子,口感,粘粘的
1956,小丸子,外形,酥脆软嫩
1957,小丸子,外形,个头挺大
1958,食物,名称,鸡肉串
1959,鸡肉串,口感,入味
1960,鸡肉串,口感,嫩
1961,鸡肉串,口感,热热的
1962,鸡肉串,口感,软糯可口
1963,食物,名称,芝士的拉丝
1964,芝士的拉丝,味道,菜香
1965,食物,名称,小丸子
1966,小丸子,口感,粘粘的
1967,小丸子,外形,酥脆软嫩
1968,小丸子,外形,个头挺大
1969,食物,名称,卷心菜
1970,卷心菜,外形,菜香
1971,卷心菜,外形,大粒的
1972,食物,名称,小丸子
1973,小丸子,口感,粘粘的
1974,小丸子,外形,酥脆软嫩
1975,小丸子,外形,个头挺大
1976,小丸子,外形,小丸子
1977,小丸子,外形,小丸子
1978,小丸子,外形,小丸子
1979,小丸子,外形,扇贝小丸子
1980,小丸子,外形,小丸子
1981,小丸子,外形,小丸子
1982,小丸子,外形,小丸子
1983,小丸子,外形,鸡肉串
1984,小丸子,外形,芝士的拉丝
1985,小丸子,外形,小丸子
1986,小丸子,外形,卷心菜
1987,小丸子,外形,小丸子
1988,小丸子,外形,小丸子
1989,小丸子,外形,小丸子
1990,小丸子,外形,小丸子
1991,小丸子,外形,扇贝小丸子
1992,小丸子,外形,小丸子
1993,小丸子,外形,小丸子
1994,小丸子,外形,小丸子
1995,小丸子,外形,鸡肉串
1996,小丸子,外形,芝士的拉丝
1997,小丸子,外形,小丸子
1998,小丸子,外形,卷心菜
1999,小丸子,外形,小丸子
2000,食物,名称,京酱肉丝
2001,京酱肉丝,味道,打死买盐
2002,京酱肉丝,味道,酱猪手
2003,京酱肉丝,味道,烧鸡
2004,食物,名称,哈尔滨红肠
2005,哈尔滨红肠,外形,薄
2006,哈尔滨红肠,外形,薄
2007,哈尔滨红肠,外形,东北菜馆
2008,食物,名称,饺子
2009,饺子,外形,手工包的
2010,饺子,外形,手工包的
2011,饺子,外形,京酱肉丝
2012,饺子,外形,酱猪手
2013,饺子,外形,烧鸡
2014,饺子,外形,哈尔滨红肠
2015,饺子,外形,东北菜馆
2016,饺子,外形,饺子
2017,饺子,外形,京酱肉丝
2018,饺子,外形,酱猪手
2019,饺子,外形,烧鸡
2020,饺子,外形,哈尔滨红肠
2021,饺子,外形,东北菜馆
2022,饺子,外形,饺子
2023,食物,名称,添福
2024,添福,味道,好
2025,添福,味道,焦烧大排
2026,添福,味道,蛎黄豆腐汤
2027,添福,味道,石锅蝶鱼头
2028,添福,味道,蛎黄豆腐汤
2029,添福,味道,添福
2030,添福,味道,焦烧大排
2031,添福,味道,蛎黄豆腐汤
2032,添福,味道,石锅蝶鱼头
2033,添福,味道,蛎黄豆腐汤
2034,添福,味道,添福
2035,添福,味道,焦烧大排
2036,添福,味道,蛎黄豆腐汤
2037,添福,味道,石锅蝶鱼头
2038,添福,味道,蛎黄豆腐汤
2039,,,咖啡
2040,,,咖啡
2041,,,烤面包
2042,食物,名称,水波蛋
2043,水波蛋,外形,腥味
2044,水波蛋,外形,流水
2045,食物,名称,烤西红柿
2046,烤西红柿,味道,腥味
2047,食物,名称,烟熏三文鱼
2048,烟熏三文鱼,味道,咸咸的
2049,烟熏三文鱼,口感,腥味
2050,烟熏三文鱼,口感,硬
2051,烟熏三文鱼,口感,咸咸的
2052,食物,名称,曲奇饼干
2053,曲奇饼干,口感,酥酥的
2054,食物,名称,烟熏三文鱼
2055,烟熏三文鱼,味道,咸咸的
2056,烟熏三文鱼,口感,腥味
2057,烟熏三文鱼,口感,硬
2058,烟熏三文鱼,口感,咸咸的
2059,食物,名称,培根炒土豆
2060,培根炒土豆,味道,腥味
2061,培根炒土豆,口感,咸咸的
2062,培根炒土豆,口感,硬
2063,食物,名称,美式咖啡
2064,美式咖啡,味道,巧克力味
2065,食物,名称,烟熏三文鱼水波蛋
2066,烟熏三文鱼水波蛋,味道,腥味
2067,烟熏三文鱼水波蛋,味道,咸咸的
2068,食物,名称,水波蛋
2069,水波蛋,外形,腥味
2070,水波蛋,外形,流水
2071,食物,名称,烤西红柿
2072,烤西红柿,味道,腥味
2073,烤西红柿,味道,牛排
2074,烤西红柿,味道,咖啡
2075,烤西红柿,味道,咖啡
2076,烤西红柿,味道,烤面包
2077,烤西红柿,味道,水波蛋
2078,烤西红柿,味道,烤西红柿
2079,烤西红柿,味道,烟熏三文鱼
2080,烤西红柿,味道,曲奇饼干
2081,烤西红柿,味道,烟熏三文鱼
2082,烤西红柿,味道,培根炒土豆
2083,烤西红柿,味道,美式咖啡
2084,烤西红柿,味道,烟熏三文鱼水波蛋
2085,烤西红柿,味道,水波蛋
2086,烤西红柿,味道,烤西红柿
2087,烤西红柿,味道,牛排
2088,烤西红柿,味道,咖啡
2089,烤西红柿,味道,咖啡
2090,烤西红柿,味道,烤面包
2091,烤西红柿,味道,水波蛋
2092,烤西红柿,味道,烤西红柿
2093,烤西红柿,味道,烟熏三文鱼
2094,烤西红柿,味道,曲奇饼干
2095,烤西红柿,味道,烟熏三文鱼
2096,烤西红柿,味道,培根炒土豆
2097,烤西红柿,味道,美式咖啡
2098,烤西红柿,味道,烟熏三文鱼水波蛋
2099,烤西红柿,味道,水波蛋
2100,烤西红柿,味道,烤西红柿
2101,烤西红柿,味道,牛排
2102,食物,名称,炒刀削面
2103,炒刀削面,外形,美味
2104,炒刀削面,外形,面亮
2105,食物,名称,杂酱面
2106,杂酱面,外形,美味
2107,杂酱面,外形,面亮
2108,食物,名称,油泼面
2109,油泼面,外形,美味
2110,油泼面,外形,面亮
2111,食物,名称,刀削面
2112,刀削面,味道,美味
2113,刀削面,外形,一级棒
2114,刀削面,外形,面亮
2115,食物,名称,鸡汤刀削面
2116,鸡汤刀削面,外形,美味
2117,鸡汤刀削面,外形,面亮
2118,鸡汤刀削面,外形,炒刀削面
2119,鸡汤刀削面,外形,杂酱面
2120,鸡汤刀削面,外形,油泼面
2121,鸡汤刀削面,外形,刀削面
2122,鸡汤刀削面,外形,鸡汤刀削面
2123,鸡汤刀削面,外形,炒刀削面
2124,鸡汤刀削面,外形,杂酱面
2125,鸡汤刀削面,外形,油泼面
2126,鸡汤刀削面,外形,刀削面
2127,鸡汤刀削面,外形,鸡汤刀削面
2128,食物,名称,面包汤
2129,面包汤,口感,饱满
2130,面包汤,外形,能吃的饱
2131,面包汤,外形,大
2132,食物,名称,咕噜肉
2133,咕噜肉,味道,该甜的甜
2134,咕噜肉,味道,酸
2135,咕噜肉,口感,有药吗
2136,咕噜肉,口感,脆
2137,咕噜肉,外形,坨了汁
2138,咕噜肉,外形,外皮
2139,咕噜肉,外形,奇特
2140,咕噜肉,外形,肥肉
2141,食物,名称,芒果千层
2142,芒果千层,外形,三味山药
2143,芒果千层,外形,大
2144,食物,名称,红球山药泥
2145,红球山药泥,外形,酸酸甜甜
2146,红球山药泥,外形,柱状
2147,红球山药泥,外形,球状
2148,食物,名称,菠萝咕噜肉
2149,菠萝咕噜肉,口感,该甜的甜
2150,菠萝咕噜肉,外形,脆
2151,菠萝咕噜肉,外形,奇特
2152,食物,名称,咕噜肉
2153,咕噜肉,味道,该甜的甜
2154,咕噜肉,味道,酸
2155,咕噜肉,口感,有药吗
2156,咕噜肉,口感,脆
2157,咕噜肉,外形,坨了汁
2158,咕噜肉,外形,外皮
2159,咕噜肉,外形,奇特
2160,咕噜肉,外形,肥肉
2161,食物,名称,罗勒鲜虾
2162,罗勒鲜虾,外形,绿色的
2163,食物,名称,咕噜肉
2164,咕噜肉,味道,该甜的甜
2165,咕噜肉,味道,酸
2166,咕噜肉,口感,有药吗
2167,咕噜肉,口感,脆
2168,咕噜肉,外形,坨了汁
2169,咕噜肉,外形,外皮
2170,咕噜肉,外形,奇特
2171,咕噜肉,外形,肥肉
2172,食物,名称,山药
2173,山药,口感,甜咸
2174,山药,外形,脆脆的
2175,山药,外形,条状
2176,山药,外形,柱状
2177,山药,外形,球状
2178,山药,外形,意面
2179,食物,名称,海鲜周打面包汤
2180,海鲜周打面包汤,口感,饱满
2181,海鲜周打面包汤,外形,能吃的饱
2182,海鲜周打面包汤,外形,大
2183,食物,名称,芒果千层
2184,芒果千层,外形,三味山药
2185,芒果千层,外形,大
2186,食物,名称,面条
2187,面条,口感,没有期待中的美味
2188,面条,外形,坨了汁
2189,面条,外形,精致
2190,食物,名称,面条
2191,面条,口感,没有期待中的美味
2192,面条,外形,坨了汁
2193,面条,外形,精致
2194,食物,名称,千层饼
2195,千层饼,口感,迷人
2196,千层饼,外形,迷人
2197,千层饼,外形,大
2198,千层饼,外形,面包汤
2199,千层饼,外形,咕噜肉
2200,千层饼,外形,芒果千层
2201,千层饼,外形,红球山药泥
2202,千层饼,外形,菠萝咕噜肉
2203,千层饼,外形,咕噜肉
2204,千层饼,外形,罗勒鲜虾
2205,千层饼,外形,咕噜肉
2206,千层饼,外形,山药
2207,千层饼,外形,意面
2208,千层饼,外形,海鲜周打面包汤
2209,千层饼,外形,芒果千层
2210,千层饼,外形,面条
2211,千层饼,外形,面条
2212,千层饼,外形,千层饼
2213,千层饼,外形,面包汤
2214,千层饼,外形,咕噜肉
2215,千层饼,外形,芒果千层
2216,千层饼,外形,红球山药泥
2217,千层饼,外形,菠萝咕噜肉
2218,千层饼,外形,咕噜肉
2219,千层饼,外形,罗勒鲜虾
2220,千层饼,外形,咕噜肉
2221,千层饼,外形,山药
2222,千层饼,外形,意面
2223,千层饼,外形,海鲜周打面包汤
2224,千层饼,外形,芒果千层
2225,千层饼,外形,面条
2226,千层饼,外形,面条
2227,千层饼,外形,千层饼
2228,食物,名称,蒸食年代原生态美食
2229,蒸食年代原生态美食,口感,荷香
2230,蒸食年代原生态美食,口感,入口即化
2231,蒸食年代原生态美食,口感,蒸食年代原生态美食
2232,蒸食年代原生态美食,口感,蒸食年代原生态美食
2233,食物,名称,皇后面包
2234,皇后面包,味道,新鲜
2235,皇后面包,口感,香气四溢
2236,皇后面包,口感,入口松软
2237,皇后面包,口感,丰富纤维
2238,食物,名称,皇后饼店
2239,皇后饼店,味道,新鲜
2240,皇后饼店,味道,推陈出新
2241,皇后饼店,味道,健康
2242,皇后饼店,味道,新鲜
2243,皇后饼店,口感,新鲜
2244,皇后饼店,口感,新鲜
2245,皇后饼店,外形,入口松软
2246,皇后饼店,外形,创新造型
2247,食物,名称,皇后饼店
2248,皇后饼店,味道,新鲜
2249,皇后饼店,味道,推陈出新
2250,皇后饼店,味道,健康
2251,皇后饼店,味道,新鲜
2252,皇后饼店,口感,新鲜
2253,皇后饼店,口感,新鲜
2254,皇后饼店,外形,入口松软
2255,皇后饼店,外形,创新造型
2256,食物,名称,皇后面包
2257,皇后面包,味道,新鲜
2258,皇后面包,口感,香气四溢
2259,皇后面包,口感,入口松软
2260,皇后面包,口感,丰富纤维
2261,食物,名称,皇后饼店
2262,皇后饼店,味道,新鲜
2263,皇后饼店,味道,推陈出新
2264,皇后饼店,味道,健康
2265,皇后饼店,味道,新鲜
2266,皇后饼店,口感,新鲜
2267,皇后饼店,口感,新鲜
2268,皇后饼店,外形,入口松软
2269,皇后饼店,外形,创新造型
2270,皇后饼店,外形,皇后面包
2271,皇后饼店,外形,皇后饼店
2272,皇后饼店,外形,皇后饼店
2273,皇后饼店,外形,皇后面包
2274,皇后饼店,外形,皇后饼店
2275,皇后饼店,外形,皇后面包
2276,皇后饼店,外形,皇后饼店
2277,皇后饼店,外形,皇后饼店
2278,皇后饼店,外形,皇后面包
2279,皇后饼店,外形,皇后饼店
2280,食物,名称,蛋糕
2281,蛋糕,味道,赞
2282,蛋糕,味道,自制香蕉味
2283,食物,名称,自制丸子
2284,自制丸子,味道,自制香蕉味
2285,食物,名称,烤三黄鱼
2286,烤三黄鱼,味道,木瓜味
2287,烤三黄鱼,味道,自制香蕉味
2288,食物,名称,一番茄锅
2289,一番茄锅,味道,不错
2290,食物,名称,二菌汤锅
2291,二菌汤锅,味道,不错
2292,二菌汤锅,味道,木瓜味饮料
2293,二菌汤锅,味道,哈密瓜
2294,食物,名称,寿司
2295,寿司,味道,自制香蕉味
2296,食物,名称,自制牛排
2297,自制牛排,味道,自制香蕉味
2298,自制牛排,味道,三麻辣锅
2299,自制牛排,味道,蛋糕
2300,自制牛排,味道,自制丸子
2301,自制牛排,味道,烤三黄鱼
2302,自制牛排,味道,一番茄锅
2303,自制牛排,味道,二菌汤锅
2304,自制牛排,味道,木瓜味饮料
2305,自制牛排,味道,哈密瓜
2306,自制牛排,味道,寿司
2307,自制牛排,味道,自制牛排
2308,自制牛排,味道,三麻辣锅
2309,自制牛排,味道,蛋糕
2310,自制牛排,味道,自制丸子
2311,自制牛排,味道,烤三黄鱼
2312,自制牛排,味道,一番茄锅
2313,自制牛排,味道,二菌汤锅
2314,自制牛排,味道,木瓜味饮料
2315,自制牛排,味道,哈密瓜
2316,自制牛排,味道,寿司
2317,自制牛排,味道,自制牛排
2318,自制牛排,味道,三麻辣锅
2319,食物,名称,咖喱蟹
2320,咖喱蟹,味道,浓郁
2321,食物,名称,咖喱蟹
2322,咖喱蟹,味道,浓郁
2323,食物,名称,冬阴功汤
2324,冬阴功汤,口感,香浓的味道和那种清透的香料味
2325,冬阴功汤,口感,清透
2326,食物,名称,咖喱蟹
2327,咖喱蟹,味道,浓郁
2328,食物,名称,菠萝炒饭
2329,菠萝炒饭,味道,清甜
2330,食物,名称,冬阴功汤
2331,冬阴功汤,口感,香浓的味道和那种清透的香料味
2332,冬阴功汤,口感,清透
2333,食物,名称,冬阴功
2334,冬阴功,味道,香料味
2335,冬阴功,味道,香浓
2336,冬阴功,口感,温馨
2337,冬阴功,口感,清透
2338,食物,名称,菠萝饭
2339,菠萝饭,味道,清甜
2340,食物,名称,冬阴功汤
2341,冬阴功汤,口感,香浓的味道和那种清透的香料味
2342,冬阴功汤,口感,清透
2343,冬阴功汤,口感,咖喱蟹
2344,冬阴功汤,口感,咖喱蟹
2345,冬阴功汤,口感,冬阴功汤
2346,冬阴功汤,口感,咖喱蟹
2347,冬阴功汤,口感,菠萝炒饭
2348,冬阴功汤,口感,冬阴功汤
2349,冬阴功汤,口感,冬阴功
2350,冬阴功汤,口感,菠萝饭
2351,冬阴功汤,口感,冬阴功汤
2352,冬阴功汤,口感,咖喱蟹
2353,冬阴功汤,口感,咖喱蟹
2354,冬阴功汤,口感,冬阴功汤
2355,冬阴功汤,口感,咖喱蟹
2356,冬阴功汤,口感,菠萝炒饭
2357,冬阴功汤,口感,冬阴功汤
2358,冬阴功汤,口感,冬阴功
2359,冬阴功汤,口感,菠萝饭
2360,冬阴功汤,口感,冬阴功汤
2361,,,冬瓜蜜
2362,食物,名称,皮蛋瘦肉粥
2363,皮蛋瘦肉粥,口感,黏
2364,食物,名称,面
2365,面,味道,鲜
2366,食物,名称,粥
2367,粥,口感,黏
2368,食物,名称,粥
2369,粥,口感,黏
2370,食物,名称,招牌云吞面
2371,招牌云吞面,味道,鲜
2372,食物,名称,粥
2373,粥,口感,黏
2374,粥,口感,冬瓜蜜
2375,粥,口感,皮蛋瘦肉粥
2376,粥,口感,面
2377,粥,口感,粥
2378,粥,口感,粥
2379,粥,口感,招牌云吞面
2380,粥,口感,粥
2381,粥,口感,冬瓜蜜
2382,粥,口感,皮蛋瘦肉粥
2383,粥,口感,面
2384,粥,口感,粥
2385,粥,口感,粥
2386,粥,口感,招牌云吞面
2387,粥,口感,粥
2388,,,霸王餐
2389,,,钟水饺
2390,食物,名称,青笋片
2391,青笋片,口感,好
2392,青笋片,口感,海底捞
2393,青笋片,口感,海底捞
2394,青笋片,口感,霸王餐
2395,青笋片,口感,霸王餐
2396,青笋片,口感,霸王餐
2397,青笋片,口感,钟水饺
2398,青笋片,口感,青笋片
2399,青笋片,口感,海底捞
2400,青笋片,口感,海底捞
2401,青笋片,口感,霸王餐
2402,青笋片,口感,霸王餐
2403,青笋片,口感,霸王餐
2404,青笋片,口感,钟水饺
2405,青笋片,口感,青笋片
2406,青笋片,口感,海底捞
2407,青笋片,口感,海底捞
2408,青笋片,口感,霸王餐
2409,青笋片,口感,霸王餐
2410,食物,名称,超值披萨
2411,超值披萨,味道,新鲜
2412,超值披萨,味道,不和谐感
2413,超值披萨,口感,番薯味
2414,超值披萨,口感,饱腹感
2415,食物,名称,披萨
2416,披萨,味道,番薯味
2417,披萨,味道,不和谐感
2418,披萨,口感,新鲜
2419,披萨,外形,饱腹感
2420,披萨,外形,长得一样
2421,食物,名称,芝士
2422,芝士,外形,脆脆的
2423,芝士,外形,长得一样
2424,芝士,外形,双层的
2425,食物,名称,披萨
2426,披萨,味道,番薯味
2427,披萨,味道,不和谐感
2428,披萨,口感,新鲜
2429,披萨,外形,饱腹感
2430,披萨,外形,长得一样
2431,食物,名称,披萨
2432,披萨,味道,番薯味
2433,披萨,味道,不和谐感
2434,披萨,口感,新鲜
2435,披萨,外形,饱腹感
2436,披萨,外形,长得一样
2437,食物,名称,披萨
2438,披萨,味道,番薯味
2439,披萨,味道,不和谐感
2440,披萨,口感,新鲜
2441,披萨,外形,饱腹感
2442,披萨,外形,长得一样
2443,食物,名称,中式番薯酱
2444,中式番薯酱,味道,不和谐感
2445,中式番薯酱,味道,新鲜
2446,中式番薯酱,口感,番薯味
2447,中式番薯酱,口感,饱腹感
2448,食物,名称,奥尔良脆鸡披萨
2449,奥尔良脆鸡披萨,味道,番薯味
2450,奥尔良脆鸡披萨,味道,不和谐感
2451,奥尔良脆鸡披萨,口感,新鲜
2452,奥尔良脆鸡披萨,口感,脆脆的
2453,奥尔良脆鸡披萨,口感,饱腹感
2454,食物,名称,小美式
2455,小美式,外形,长得一样
2456,食物,名称,披萨
2457,披萨,味道,番薯味
2458,披萨,味道,不和谐感
2459,披萨,口感,新鲜
2460,披萨,外形,饱腹感
2461,披萨,外形,长得一样
2462,披萨,外形,超值披萨
2463,披萨,外形,披萨
2464,披萨,外形,芝士
2465,披萨,外形,披萨
2466,披萨,外形,披萨
2467,披萨,外形,披萨
2468,披萨,外形,中式番薯酱
2469,披萨,外形,奥尔良脆鸡披萨
2470,披萨,外形,小美式
2471,披萨,外形,披萨
2472,披萨,外形,超值披萨
2473,披萨,外形,披萨
2474,披萨,外形,芝士
2475,披萨,外形,披萨
2476,披萨,外形,披萨
2477,披萨,外形,披萨
2478,披萨,外形,中式番薯酱
2479,披萨,外形,奥尔良脆鸡披萨
2480,披萨,外形,小美式
2481,披萨,外形,披萨
2482,,,川贝雪梨
2483,,,王府豉油
2484,食物,名称,肉汁萝卜
2485,肉汁萝卜,味道,入味
2486,肉汁萝卜,味道,珊瑚蚌
2487,食物,名称,赤豆酒酿圆子
2488,赤豆酒酿圆子,味道,入味
2489,赤豆酒酿圆子,味道,丹桂藕
2490,食物,名称,肉汁萝卜
2491,肉汁萝卜,味道,入味
2492,食物,名称,千层油糕
2493,千层油糕,口感,重
2494,千层油糕,口感,吃了一口吐掉了
2495,千层油糕,口感,葱油豆干
2496,食物,名称,汤
2497,汤,味道,鲜
2498,汤,味道,鲜
2499,汤,口感,鲜
2500,汤,口感,剩了一半
2501,汤,口感,麻辣鸭血
2502,汤,口感,川贝雪梨
2503,汤,口感,竹蔗马蹄水
2504,食物,名称,赤豆酒酿圆子
2505,赤豆酒酿圆子,味道,入味
2506,赤豆酒酿圆子,味道,川贝雪梨
2507,赤豆酒酿圆子,味道,王府豉油
2508,赤豆酒酿圆子,味道,肉汁萝卜
2509,赤豆酒酿圆子,味道,珊瑚蚌
2510,赤豆酒酿圆子,味道,赤豆酒酿圆子
2511,赤豆酒酿圆子,味道,丹桂藕
2512,赤豆酒酿圆子,味道,肉汁萝卜
2513,赤豆酒酿圆子,味道,千层油糕
2514,赤豆酒酿圆子,味道,葱油豆干
2515,赤豆酒酿圆子,味道,汤
2516,赤豆酒酿圆子,味道,麻辣鸭血
2517,赤豆酒酿圆子,味道,川贝雪梨
2518,赤豆酒酿圆子,味道,竹蔗马蹄水
2519,赤豆酒酿圆子,味道,赤豆酒酿圆子
2520,赤豆酒酿圆子,味道,川贝雪梨
2521,赤豆酒酿圆子,味道,王府豉油
2522,赤豆酒酿圆子,味道,肉汁萝卜
2523,赤豆酒酿圆子,味道,珊瑚蚌
2524,赤豆酒酿圆子,味道,赤豆酒酿圆子
2525,赤豆酒酿圆子,味道,丹桂藕
2526,赤豆酒酿圆子,味道,肉汁萝卜
2527,赤豆酒酿圆子,味道,千层油糕
2528,赤豆酒酿圆子,味道,葱油豆干
2529,赤豆酒酿圆子,味道,汤
2530,赤豆酒酿圆子,味道,麻辣鸭血
2531,赤豆酒酿圆子,味道,川贝雪梨
2532,赤豆酒酿圆子,味道,竹蔗马蹄水
2533,赤豆酒酿圆子,味道,赤豆酒酿圆子
2534,,,饺子
2535,,,沙拉
2536,,,
2537,食物,名称,披萨
2538,披萨,味道,正宗
2539,披萨,味道,正宗
2540,食物,名称,美式披萨
2541,美式披萨,味道,正宗
2542,美式披萨,味道,正宗
2543,美式披萨,味道,饺子
2544,美式披萨,味道,沙拉
2545,美式披萨,味道,
2546,美式披萨,味道,披萨
2547,美式披萨,味道,美式披萨
2548,美式披萨,味道,饺子
2549,美式披萨,味道,沙拉
2550,美式披萨,味道,
2551,美式披萨,味道,披萨
2552,美式披萨,味道,美式披萨
2553,食物,名称,男眼镜
2554,男眼镜,口感,不错
2555,食物,名称,开背虾
2556,开背虾,口感,嫩
2557,开背虾,口感,滑
2558,开背虾,外形,油而不腻
2559,开背虾,外形,碧绿翡翠
2560,食物,名称,男眼镜
2561,男眼镜,口感,不错
2562,食物,名称,发糕虾筒
2563,发糕虾筒,口感,入味
2564,发糕虾筒,口感,脆
2565,发糕虾筒,口感,松软
2566,食物,名称,船工鱼
2567,船工鱼,口感,酸酸甜甜
2568,船工鱼,口感,嫩滑
2569,食物,名称,碧绿翡翠
2570,碧绿翡翠,口感,开胃
2571,碧绿翡翠,口感,清爽可口
2572,食物,名称,开背虾
2573,开背虾,口感,嫩
2574,开背虾,口感,滑
2575,开背虾,外形,油而不腻
2576,开背虾,外形,碧绿翡翠
2577,食物,名称,发糕
2578,发糕,口感,松软
2579,发糕,口感,男眼镜
2580,发糕,口感,开背虾
2581,发糕,口感,男眼镜
2582,发糕,口感,发糕虾筒
2583,发糕,口感,船工鱼
2584,发糕,口感,碧绿翡翠
2585,发糕,口感,开背虾
2586,发糕,口感,发糕
2587,发糕,口感,男眼镜
2588,发糕,口感,开背虾
2589,发糕,口感,男眼镜
2590,发糕,口感,发糕虾筒
2591,发糕,口感,船工鱼
2592,发糕,口感,碧绿翡翠
2593,发糕,口感,开背虾
2594,发糕,口感,发糕
2595,食物,名称,嫩豆腐汤
2596,嫩豆腐汤,味道,不错
2597,嫩豆腐汤,味道,喜来稀肉
2598,食物,名称,护心肉
2599,护心肉,味道,甜
2600,护心肉,口感,甜味
2601,护心肉,口感,腻
2602,护心肉,口感,石锅拌饭
2603,护心肉,口感,嫩豆腐汤
2604,护心肉,口感,喜来稀肉
2605,护心肉,口感,护心肉
2606,护心肉,口感,石锅拌饭
2607,护心肉,口感,嫩豆腐汤
2608,护心肉,口感,喜来稀肉
2609,护心肉,口感,护心肉
2610,护心肉,口感,石锅拌饭
2611,食物,名称,吐司
2612,吐司,味道,新
2613,食物,名称,月饼
2614,月饼,味道,新
2615,月饼,味道,吐司
2616,月饼,味道,月饼
2617,月饼,味道,吐司
2618,月饼,味道,月饼
2619,食物,名称,炒饭
2620,炒饭,口感,香
2621,炒饭,外形,颗粒分明
2622,炒饭,外形,颗粒分明
2623,食物,名称,米饭
2624,米饭,外形,金黄色的
2625,米饭,外形,金黄色的
2626,食物,名称,炒饭
2627,炒饭,口感,香
2628,炒饭,外形,颗粒分明
2629,炒饭,外形,颗粒分明
2630,食物,名称,菌菇煎包
2631,菌菇煎包,外形,嚼不动
2632,菌菇煎包,外形,皮厚
2633,食物,名称,小紫薯
2634,小紫薯,口感,香香甜甜
2635,小紫薯,口感,软软糯糯
2636,小紫薯,外形,香香甜甜
2637,小紫薯,外形,好看
2638,食物,名称,一品煲
2639,一品煲,口感,烂烂的
2640,食物,名称,粥
2641,粥,外形,金黄色
2642,食物,名称,咸蛋黄南瓜
2643,咸蛋黄南瓜,味道,干
2644,咸蛋黄南瓜,口感,香
2645,咸蛋黄南瓜,口感,干
2646,咸蛋黄南瓜,口感,炒饭
2647,咸蛋黄南瓜,口感,米饭
2648,咸蛋黄南瓜,口感,炒饭
2649,咸蛋黄南瓜,口感,菌菇煎包
2650,咸蛋黄南瓜,口感,小紫薯
2651,咸蛋黄南瓜,口感,一品煲
2652,咸蛋黄南瓜,口感,粥
2653,咸蛋黄南瓜,口感,咸蛋黄南瓜
2654,咸蛋黄南瓜,口感,炒饭
2655,咸蛋黄南瓜,口感,米饭
2656,咸蛋黄南瓜,口感,炒饭
2657,咸蛋黄南瓜,口感,菌菇煎包
2658,咸蛋黄南瓜,口感,小紫薯
2659,咸蛋黄南瓜,口感,一品煲
2660,咸蛋黄南瓜,口感,粥
2661,咸蛋黄南瓜,口感,咸蛋黄南瓜
2662,食物,名称,泡菜炒五花肉
2663,泡菜炒五花肉,口感,苦味
2664,泡菜炒五花肉,外形,红呼呼
2665,泡菜炒五花肉,外形,红呼呼
2666,泡菜炒五花肉,外形,一个颜色
2667,泡菜炒五花肉,外形,肋排
2668,食物,名称,蜜汁鸡翅
2669,蜜汁鸡翅,味道,独特
2670,蜜汁鸡翅,味道,酸酸甜甜
2671,食物,名称,秘制鸡翅
2672,秘制鸡翅,外形,红呼呼
2673,秘制鸡翅,外形,红呼呼
2674,食物,名称,米饭
2675,米饭,外形,红呼呼
2676,米饭,外形,一个颜色
2677,米饭,外形,红呼呼
2678,食物,名称,年糕玉米
2679,年糕玉米,味道,没有味道
2680,年糕玉米,味道,没带心儿
2681,年糕玉米,口感,入味
2682,年糕玉米,口感,黄黄的
2683,年糕玉米,口感,脆
2684,年糕玉米,外形,带心儿
2685,年糕玉米,外形,小小的
2686,年糕玉米,外形,带心儿
2687,年糕玉米,外形,黄黄的
2688,食物,名称,年糕玉米
2689,年糕玉米,味道,没有味道
2690,年糕玉米,味道,没带心儿
2691,年糕玉米,口感,入味
2692,年糕玉米,口感,黄黄的
2693,年糕玉米,口感,脆
2694,年糕玉米,外形,带心儿
2695,年糕玉米,外形,小小的
2696,年糕玉米,外形,带心儿
2697,年糕玉米,外形,黄黄的
2698,食物,名称,泡菜炒五花肉
2699,泡菜炒五花肉,口感,苦味
2700,泡菜炒五花肉,外形,红呼呼
2701,泡菜炒五花肉,外形,红呼呼
2702,泡菜炒五花肉,外形,一个颜色
2703,泡菜炒五花肉,外形,泡菜炒五花肉
2704,泡菜炒五花肉,外形,肋排
2705,泡菜炒五花肉,外形,蜜汁鸡翅
2706,泡菜炒五花肉,外形,秘制鸡翅
2707,泡菜炒五花肉,外形,米饭
2708,泡菜炒五花肉,外形,年糕玉米
2709,泡菜炒五花肉,外形,年糕玉米
2710,泡菜炒五花肉,外形,泡菜炒五花肉
2711,泡菜炒五花肉,外形,泡菜炒五花肉
2712,泡菜炒五花肉,外形,肋排
2713,泡菜炒五花肉,外形,蜜汁鸡翅
2714,泡菜炒五花肉,外形,秘制鸡翅
2715,泡菜炒五花肉,外形,米饭
2716,泡菜炒五花肉,外形,年糕玉米
2717,泡菜炒五花肉,外形,年糕玉米
2718,泡菜炒五花肉,外形,泡菜炒五花肉
2719,食物,名称,玉兰饼
2720,玉兰饼,外形,麻球差不多
2721,食物,名称,蟹粉豆腐
2722,蟹粉豆腐,口感,美味
2723,蟹粉豆腐,口感,清晰可见
2724,蟹粉豆腐,口感,完整的
2725,蟹粉豆腐,外形,下功夫
2726,蟹粉豆腐,外形,清晰可见
2727,蟹粉豆腐,外形,三凤桥
2728,食物,名称,汤螺蛳
2729,汤螺蛳,味道,清淡
2730,汤螺蛳,口感,清淡
2731,汤螺蛳,口感,清淡
2732,食物,名称,酱油红汤底
2733,酱油红汤底,口感,清淡
2734,酱油红汤底,口感,清淡
2735,食物,名称,酱排骨
2736,酱排骨,口感,咸的
2737,酱排骨,口感,软骨
2738,酱排骨,口感,有嚼劲
2739,酱排骨,外形,肥瘦适中
2740,酱排骨,外形,肥瘦适中
2741,酱排骨,外形,鲜肉月饼
2742,酱排骨,外形,西餐
2743,食物,名称,清炒虾仁
2744,清炒虾仁,外形,小
2745,清炒虾仁,外形,小
2746,清炒虾仁,外形,玉兰饼
2747,清炒虾仁,外形,蟹粉豆腐
2748,清炒虾仁,外形,三凤桥
2749,清炒虾仁,外形,汤螺蛳
2750,清炒虾仁,外形,酱油红汤底
2751,清炒虾仁,外形,酱排骨
2752,清炒虾仁,外形,鲜肉月饼
2753,清炒虾仁,外形,西餐
2754,清炒虾仁,外形,清炒虾仁
2755,清炒虾仁,外形,玉兰饼
2756,清炒虾仁,外形,蟹粉豆腐
2757,清炒虾仁,外形,三凤桥
2758,清炒虾仁,外形,汤螺蛳
2759,清炒虾仁,外形,酱油红汤底
2760,清炒虾仁,外形,酱排骨
2761,清炒虾仁,外形,鲜肉月饼
2762,清炒虾仁,外形,西餐
2763,清炒虾仁,外形,清炒虾仁
2764,食物,名称,凉拌木耳
2765,凉拌木耳,口感,甜
2766,凉拌木耳,口感,脆嫩
2767,凉拌木耳,口感,油焖
2768,食物,名称,家常茄子
2769,家常茄子,口感,甜
2770,家常茄子,外形,油腻
2771,家常茄子,外形,油腻
2772,食物,名称,腐竹麦芹
2773,腐竹麦芹,口感,辣
2774,腐竹麦芹,口感,油腻
2775,腐竹麦芹,口感,茶
2776,食物,名称,码头酸汤鱼
2777,码头酸汤鱼,口感,酸辣带田
2778,码头酸汤鱼,外形,嫩
2779,码头酸汤鱼,外形,不大
2780,食物,名称,苗玲酸汤鱼
2781,苗玲酸汤鱼,口感,酸辣带田
2782,苗玲酸汤鱼,外形,嫩
2783,苗玲酸汤鱼,外形,多
2784,苗玲酸汤鱼,外形,四季恋
2785,苗玲酸汤鱼,外形,凉拌木耳
2786,苗玲酸汤鱼,外形,油焖
2787,苗玲酸汤鱼,外形,家常茄子
2788,苗玲酸汤鱼,外形,腐竹麦芹
2789,苗玲酸汤鱼,外形,茶
2790,苗玲酸汤鱼,外形,码头酸汤鱼
2791,苗玲酸汤鱼,外形,苗玲酸汤鱼
2792,苗玲酸汤鱼,外形,四季恋
2793,苗玲酸汤鱼,外形,凉拌木耳
2794,苗玲酸汤鱼,外形,油焖
2795,苗玲酸汤鱼,外形,家常茄子
2796,苗玲酸汤鱼,外形,腐竹麦芹
2797,苗玲酸汤鱼,外形,茶
2798,苗玲酸汤鱼,外形,码头酸汤鱼
2799,苗玲酸汤鱼,外形,苗玲酸汤鱼
2800,苗玲酸汤鱼,外形,四季恋
2801,食物,名称,干蒸烧麦
2802,干蒸烧麦,口感,浓厚紧致
2803,干蒸烧麦,口感,浓厚紧致
2804,干蒸烧麦,口感,牛腩煲
2805,干蒸烧麦,口感,肠粉
2806,干蒸烧麦,口感,干蒸烧麦
2807,干蒸烧麦,口感,牛腩煲
2808,干蒸烧麦,口感,肠粉
2809,干蒸烧麦,口感,干蒸烧麦
2810,干蒸烧麦,口感,牛腩煲
2811,干蒸烧麦,口感,肠粉
2812,食物,名称,料理
2813,料理,外形,精致小巧
2814,食物,名称,三文鱼
2815,三文鱼,味道,新鲜度
2816,三文鱼,味道,新鲜
2817,三文鱼,味道,新鲜的
2818,食物,名称,刺身
2819,刺身,外形,精致小巧
2820,食物,名称,盐烧三文鱼头
2821,盐烧三文鱼头,味道,新鲜度
2822,盐烧三文鱼头,味道,新鲜的
2823,盐烧三文鱼头,外形,新鲜
2824,盐烧三文鱼头,外形,精致小巧
2825,食物,名称,寿司
2826,寿司,外形,精致小巧
2827,食物,名称,白金枪
2828,白金枪,味道,新鲜度
2829,白金枪,味道,新鲜
2830,食物,名称,三文鱼
2831,三文鱼,味道,新鲜度
2832,三文鱼,味道,新鲜
2833,三文鱼,味道,新鲜的
2834,食物,名称,尚品寿司
2835,尚品寿司,外形,精致小巧
2836,食物,名称,甜虾刺身
2837,甜虾刺身,外形,新鲜
2838,甜虾刺身,外形,精致小巧
2839,食物,名称,北极贝
2840,北极贝,味道,新鲜
2841,食物,名称,樱花寿司
2842,樱花寿司,外形,精致小巧
2843,食物,名称,寿司
2844,寿司,外形,精致小巧
2845,寿司,外形,料理
2846,寿司,外形,三文鱼
2847,寿司,外形,刺身
2848,寿司,外形,盐烧三文鱼头
2849,寿司,外形,寿司
2850,寿司,外形,白金枪
2851,寿司,外形,三文鱼
2852,寿司,外形,尚品寿司
2853,寿司,外形,甜虾刺身
2854,寿司,外形,北极贝
2855,寿司,外形,樱花寿司
2856,寿司,外形,寿司
2857,寿司,外形,料理
2858,寿司,外形,三文鱼
2859,寿司,外形,刺身
2860,寿司,外形,盐烧三文鱼头
2861,寿司,外形,寿司
2862,寿司,外形,白金枪
2863,寿司,外形,三文鱼
2864,寿司,外形,尚品寿司
2865,寿司,外形,甜虾刺身
2866,寿司,外形,北极贝
2867,寿司,外形,樱花寿司
2868,寿司,外形,寿司
2869,,,饺子宴
2870,食物,名称,啤酒
2871,啤酒,外形,气派
2872,啤酒,外形,饺子宴
2873,啤酒,外形,宋城千古情
2874,啤酒,外形,饺子宴
2875,啤酒,外形,啤酒
2876,啤酒,外形,饺子宴
2877,啤酒,外形,宋城千古情
2878,啤酒,外形,饺子宴
2879,啤酒,外形,啤酒
2880,啤酒,外形,饺子宴
2881,啤酒,外形,宋城千古情
2882,食物,名称,精品烤鸭
2883,精品烤鸭,外形,精致
2884,食物,名称,海鲜
2885,海鲜,口感,鲜活的
2886,海鲜,口感,鲜活的
2887,食物,名称,烤鸭
2888,烤鸭,外形,不错
2889,烤鸭,外形,精致
2890,烤鸭,外形,一目了然
2891,烤鸭,外形,薄厚均匀
2892,食物,名称,夫妻肺片
2893,夫妻肺片,外形,麻辣味道
2894,夫妻肺片,外形,精致
2895,夫妻肺片,外形,米
2896,食物,名称,全聚德
2897,全聚德,外形,面貌一新
2898,全聚德,外形,显眼
2899,食物,名称,烤鸭店
2900,烤鸭店,外形,精致
2901,食物,名称,传统烤鸭
2902,传统烤鸭,外形,黑
2903,传统烤鸭,外形,黑
2904,食物,名称,全聚德
2905,全聚德,外形,面貌一新
2906,全聚德,外形,显眼
2907,食物,名称,传统烤鸭
2908,传统烤鸭,外形,黑
2909,传统烤鸭,外形,黑
2910,食物,名称,烤鸭
2911,烤鸭,外形,不错
2912,烤鸭,外形,精致
2913,烤鸭,外形,一目了然
2914,烤鸭,外形,薄厚均匀
2915,食物,名称,烤鸭
2916,烤鸭,外形,不错
2917,烤鸭,外形,精致
2918,烤鸭,外形,一目了然
2919,烤鸭,外形,薄厚均匀
2920,食物,名称,海鲜
2921,海鲜,口感,鲜活的
2922,海鲜,口感,鲜活的
2923,食物,名称,香橙萝卜苗儿
2924,香橙萝卜苗儿,口感,麻辣味道
2925,香橙萝卜苗儿,口感,清脆爽口
2926,香橙萝卜苗儿,口感,开胃解腻
2927,香橙萝卜苗儿,外形,酸甜适中
2928,香橙萝卜苗儿,外形,精致
2929,香橙萝卜苗儿,外形,米
2930,食物,名称,麻辣
2931,麻辣,外形,精致
2932,麻辣,外形,精品烤鸭
2933,麻辣,外形,海鲜
2934,麻辣,外形,烤鸭
2935,麻辣,外形,夫妻肺片
2936,麻辣,外形,全聚德
2937,麻辣,外形,烤鸭店
2938,麻辣,外形,传统烤鸭
2939,麻辣,外形,全聚德
2940,麻辣,外形,传统烤鸭
2941,麻辣,外形,烤鸭
2942,麻辣,外形,烤鸭
2943,麻辣,外形,海鲜
2944,麻辣,外形,香橙萝卜苗儿
2945,麻辣,外形,麻辣
2946,麻辣,外形,精品烤鸭
2947,麻辣,外形,海鲜
2948,麻辣,外形,烤鸭
2949,麻辣,外形,夫妻肺片
2950,麻辣,外形,全聚德
2951,麻辣,外形,烤鸭店
2952,麻辣,外形,传统烤鸭
2953,麻辣,外形,全聚德
2954,麻辣,外形,传统烤鸭
2955,麻辣,外形,烤鸭
2956,麻辣,外形,烤鸭
2957,麻辣,外形,海鲜
2958,麻辣,外形,香橙萝卜苗儿
2959,麻辣,外形,麻辣
2960,,,酸汤鱼
2961,,,酸汤鱼
2962,,,酸汤鱼
2963,,,酸汤鱼
2964,,,酸汤鱼
2965,,,酸汤鱼
2966,食物,名称,桃园三结义
2967,桃园三结义,味道,辣
2968,桃园三结义,口感,重辣
2969,桃园三结义,外形,好老
2970,桃园三结义,外形,好老
2971,食物,名称,麻辣牛肉
2972,麻辣牛肉,味道,辣
2973,食物,名称,麻辣牛肉
2974,麻辣牛肉,味道,辣
2975,麻辣牛肉,味道,桃园三结义
2976,麻辣牛肉,味道,麻辣牛肉
2977,麻辣牛肉,味道,麻辣牛肉
2978,麻辣牛肉,味道,桃园三结义
2979,麻辣牛肉,味道,麻辣牛肉
2980,麻辣牛肉,味道,麻辣牛肉
2981,食物,名称,茅屎坑串串
2982,茅屎坑串串,味道,村味十足
2983,茅屎坑串串,外形,变态辣
2984,茅屎坑串串,外形,小
2985,食物,名称,草鸡
2986,草鸡,味道,辣
2987,草鸡,味道,变态辣
2988,草鸡,口感,越吃越辣
2989,草鸡,口感,胃疼
2990,食物,名称,串串
2991,串串,味道,变态辣
2992,串串,外形,村味十足
2993,串串,外形,小
2994,串串,外形,茅屎坑串串
2995,串串,外形,草鸡
2996,串串,外形,串串
2997,串串,外形,茅屎坑串串
2998,串串,外形,草鸡
2999,串串,外形,串串
3000,食物,名称,三丝炒米线
3001,三丝炒米线,口感,清香可口
3002,三丝炒米线,口感,火候好
3003,三丝炒米线,外形,清香可口
3004,三丝炒米线,外形,小
3005,食物,名称,鲜烤花蛤
3006,鲜烤花蛤,口感,清香可口
3007,鲜烤花蛤,口感,火候好
3008,鲜烤花蛤,外形,清香可口
3009,鲜烤花蛤,外形,小
3010,食物,名称,烤培根卷
3011,烤培根卷,外形,小
3012,烤培根卷,外形,烧烤店
3013,食物,名称,手撕羔羊排
3014,手撕羔羊排,口感,不错
3015,手撕羔羊排,外形,好
3016,手撕羔羊排,外形,小
3017,手撕羔羊排,外形,三丝炒米线
3018,手撕羔羊排,外形,鲜烤花蛤
3019,手撕羔羊排,外形,烤培根卷
3020,手撕羔羊排,外形,烧烤店
3021,手撕羔羊排,外形,手撕羔羊排
3022,手撕羔羊排,外形,三丝炒米线
3023,手撕羔羊排,外形,鲜烤花蛤
3024,手撕羔羊排,外形,烤培根卷
3025,手撕羔羊排,外形,烧烤店
3026,手撕羔羊排,外形,手撕羔羊排
3027,食物,名称,番茄牛肉粉
3028,番茄牛肉粉,外形,小
3029,食物,名称,肥牛
3030,肥牛,味道,没入味
3031,肥牛,味道,没味道
3032,食物,名称,麻辣金针菇肥牛粉
3033,麻辣金针菇肥牛粉,味道,没味道
3034,麻辣金针菇肥牛粉,味道,没入味
3035,麻辣金针菇肥牛粉,口感,辣
3036,麻辣金针菇肥牛粉,口感,欠一点火候
3037,麻辣金针菇肥牛粉,口感,管饱
3038,麻辣金针菇肥牛粉,口感,番茄牛肉粉
3039,麻辣金针菇肥牛粉,口感,肥牛
3040,麻辣金针菇肥牛粉,口感,麻辣金针菇肥牛粉
3041,麻辣金针菇肥牛粉,口感,番茄牛肉粉
3042,麻辣金针菇肥牛粉,口感,肥牛
3043,麻辣金针菇肥牛粉,口感,麻辣金针菇肥牛粉
3044,食物,名称,芒果糯米糍
3045,芒果糯米糍,外形,小
3046,食物,名称,香蕉班戟
3047,香蕉班戟,口感,新鲜
3048,香蕉班戟,外形,糊嘴
3049,香蕉班戟,外形,白的
3050,食物,名称,芒果班戟
3051,芒果班戟,口感,新鲜
3052,芒果班戟,外形,糊嘴
3053,芒果班戟,外形,白的
3054,食物,名称,芒果黑糯米
3055,芒果黑糯米,味道,甜甜
3056,芒果黑糯米,味道,酸
3057,芒果黑糯米,外形,甜
3058,芒果黑糯米,外形,小了一份也太少不太够香蕉班戟不如要芒果的了香蕉不太新鲜而且跟奶油在一起很糊嘴不太好吃环境跟其他满记的普遍风格不太一样这家走明亮风很亮堂桌椅都是白的
3059,食物,名称,芒果糯米糍
3060,芒果糯米糍,外形,小
3061,食物,名称,满记
3062,满记,外形,明亮风很亮堂
3063,满记,外形,白的
3064,满记,外形,芒果糯米糍
3065,满记,外形,香蕉班戟
3066,满记,外形,芒果班戟
3067,满记,外形,芒果黑糯米
3068,满记,外形,芒果糯米糍
3069,满记,外形,满记
3070,满记,外形,芒果糯米糍
3071,满记,外形,香蕉班戟
3072,满记,外形,芒果班戟
3073,满记,外形,芒果黑糯米
3074,满记,外形,芒果糯米糍
3075,满记,外形,满记
3076,食物,名称,火锅
3077,火锅,味道,鲜美
3078,火锅,口感,原汁原味
3079,火锅,外形,油油
3080,火锅,外形,大
3081,火锅,外形,大大的
3082,火锅,外形,大圆桌
3083,食物,名称,羊蝎子
3084,羊蝎子,外形,鲜美
3085,羊蝎子,外形,大大的
3086,食物,名称,火锅
3087,火锅,味道,鲜美
3088,火锅,口感,原汁原味
3089,火锅,外形,油油
3090,火锅,外形,大
3091,火锅,外形,大大的
3092,火锅,外形,大圆桌
3093,食物,名称,小点心脆皮香蕉
3094,小点心脆皮香蕉,口感,香甜可口
3095,小点心脆皮香蕉,外形,香甜可口
3096,小点心脆皮香蕉,外形,奶黄包
3097,食物,名称,火锅
3098,火锅,味道,鲜美
3099,火锅,口感,原汁原味
3100,火锅,外形,油油
3101,火锅,外形,大
3102,火锅,外形,大大的
3103,火锅,外形,大圆桌
3104,食物,名称,牛腩哨子
3105,牛腩哨子,口感,香甜可口
3106,牛腩哨子,外形,一口入嘴
3107,牛腩哨子,外形,小小的
3108,食物,名称,奶黄包
3109,奶黄包,口感,香甜可口
3110,奶黄包,口感,香甜可口
3111,食物,名称,老北京火锅
3112,老北京火锅,味道,古色古香
3113,老北京火锅,外形,原汁原味
3114,老北京火锅,外形,红灯笼
3115,老北京火锅,外形,大圆桌
3116,老北京火锅,外形,大大的
3117,老北京火锅,外形,大
3118,老北京火锅,外形,古色古香
3119,食物,名称,老北京火锅
3120,老北京火锅,味道,古色古香
3121,老北京火锅,外形,原汁原味
3122,老北京火锅,外形,红灯笼
3123,老北京火锅,外形,大圆桌
3124,老北京火锅,外形,大大的
3125,老北京火锅,外形,大
3126,老北京火锅,外形,古色古香
3127,食物,名称,面条
3128,面条,口感,有咬劲
3129,面条,外形,劲道
3130,面条,外形,宽面
3131,食物,名称,内蒙蒸羊肉卷
3132,内蒙蒸羊肉卷,外形,鲜美
3133,内蒙蒸羊肉卷,外形,大大的
3134,食物,名称,老北京杂酱面
3135,老北京杂酱面,口感,劲道
3136,老北京杂酱面,外形,有咬劲
3137,老北京杂酱面,外形,宽面
3138,食物,名称,手抓羊排
3139,手抓羊排,味道,不膻
3140,手抓羊排,口感,美味
3141,手抓羊排,外形,一口入嘴
3142,手抓羊排,外形,小小的
3143,食物,名称,景泰蓝火锅炉
3144,景泰蓝火锅炉,外形,鲜美
3145,景泰蓝火锅炉,外形,大
3146,景泰蓝火锅炉,外形,大圆桌
3147,景泰蓝火锅炉,外形,大大的
3148,食物,名称,老北京火锅
3149,老北京火锅,味道,古色古香
3150,老北京火锅,外形,原汁原味
3151,老北京火锅,外形,红灯笼
3152,老北京火锅,外形,大圆桌
3153,老北京火锅,外形,大大的
3154,老北京火锅,外形,大
3155,老北京火锅,外形,古色古香
3156,老北京火锅,外形,火锅
3157,老北京火锅,外形,羊蝎子
3158,老北京火锅,外形,火锅
3159,老北京火锅,外形,小点心脆皮香蕉
3160,老北京火锅,外形,火锅
3161,老北京火锅,外形,牛腩哨子
3162,老北京火锅,外形,奶黄包
3163,老北京火锅,外形,老北京火锅
3164,老北京火锅,外形,老北京火锅
3165,老北京火锅,外形,面条
3166,老北京火锅,外形,内蒙蒸羊肉卷
3167,老北京火锅,外形,老北京杂酱面
3168,老北京火锅,外形,手抓羊排
3169,老北京火锅,外形,景泰蓝火锅炉
3170,老北京火锅,外形,老北京火锅
3171,老北京火锅,外形,火锅
3172,老北京火锅,外形,羊蝎子
3173,老北京火锅,外形,火锅
3174,老北京火锅,外形,小点心脆皮香蕉
3175,老北京火锅,外形,火锅
3176,老北京火锅,外形,牛腩哨子
3177,老北京火锅,外形,奶黄包
3178,老北京火锅,外形,老北京火锅
3179,老北京火锅,外形,老北京火锅
3180,老北京火锅,外形,面条
3181,老北京火锅,外形,内蒙蒸羊肉卷
3182,老北京火锅,外形,老北京杂酱面
3183,老北京火锅,外形,手抓羊排
3184,老北京火锅,外形,景泰蓝火锅炉
3185,老北京火锅,外形,老北京火锅
3186,食物,名称,冰糖莲子桂圆汤
3187,冰糖莲子桂圆汤,口感,甜
3188,冰糖莲子桂圆汤,口感,冰的
3189,冰糖莲子桂圆汤,外形,饱满
3190,冰糖莲子桂圆汤,外形,大
3191,食物,名称,养生菠萝莲子汤
3192,养生菠萝莲子汤,味道,甜
3193,食物,名称,冰糖莲子桂圆汤
3194,冰糖莲子桂圆汤,口感,甜
3195,冰糖莲子桂圆汤,口感,冰的
3196,冰糖莲子桂圆汤,外形,饱满
3197,冰糖莲子桂圆汤,外形,大
3198,食物,名称,养生菠萝银耳汤
3199,养生菠萝银耳汤,味道,甜
3200,食物,名称,莲子汤
3201,莲子汤,外形,甜
3202,莲子汤,外形,大
3203,莲子汤,外形,冰糖莲子桂圆汤
3204,莲子汤,外形,养生菠萝莲子汤
3205,莲子汤,外形,冰糖莲子桂圆汤
3206,莲子汤,外形,养生菠萝银耳汤
3207,莲子汤,外形,莲子汤
3208,莲子汤,外形,冰糖莲子桂圆汤
3209,莲子汤,外形,养生菠萝莲子汤
3210,莲子汤,外形,冰糖莲子桂圆汤
3211,莲子汤,外形,养生菠萝银耳汤
3212,莲子汤,外形,莲子汤
3213,食物,名称,凤爪
3214,凤爪,味道,入味
3215,食物,名称,炒鸡
3216,炒鸡,味道,入味
3217,食物,名称,红辣椒之旅
3218,红辣椒之旅,外形,正宗
3219,红辣椒之旅,外形,金碧辉煌
3220,食物,名称,金针菇
3221,金针菇,口感,正宗
3222,金针菇,口感,黄黄的
3223,金针菇,外形,脆脆的
3224,金针菇,外形,黄黄的
3225,食物,名称,金针菇
3226,金针菇,口感,正宗
3227,金针菇,口感,黄黄的
3228,金针菇,外形,脆脆的
3229,金针菇,外形,黄黄的
3230,食物,名称,火锅
3231,火锅,味道,正宗
3232,食物,名称,凤爪
3233,凤爪,味道,入味
3234,凤爪,味道,鸳鸯锅
3235,凤爪,味道,凤爪
3236,凤爪,味道,炒鸡
3237,凤爪,味道,红辣椒之旅
3238,凤爪,味道,金针菇
3239,凤爪,味道,金针菇
3240,凤爪,味道,火锅
3241,凤爪,味道,凤爪
3242,凤爪,味道,鸳鸯锅
3243,凤爪,味道,凤爪
3244,凤爪,味道,炒鸡
3245,凤爪,味道,红辣椒之旅
3246,凤爪,味道,金针菇
3247,凤爪,味道,金针菇
3248,凤爪,味道,火锅
3249,凤爪,味道,凤爪
3250,凤爪,味道,鸳鸯锅
3251,食物,名称,云南大救驾
3252,云南大救驾,味道,不甜
3253,云南大救驾,口感,豆香味
3254,云南大救驾,口感,入口就化
3255,食物,名称,云南大救驾
3256,云南大救驾,味道,不甜
3257,云南大救驾,口感,豆香味
3258,云南大救驾,口感,入口就化
3259,云南大救驾,口感,五花肉
3260,食物,名称,酸菜鱼
3261,酸菜鱼,味道,不甜
3262,酸菜鱼,味道,大杂烩炒面
3263,食物,名称,布丁
3264,布丁,口感,豆香味
3265,布丁,口感,入口就化
3266,食物,名称,酸菜鱼
3267,酸菜鱼,味道,不甜
3268,食物,名称,鲜花饼
3269,鲜花饼,口感,不甜
3270,鲜花饼,口感,好入口
3271,鲜花饼,口感,入口就化
3272,食物,名称,豆花鲜花饼
3273,豆花鲜花饼,口感,不甜
3274,豆花鲜花饼,口感,入口就化
3275,豆花鲜花饼,口感,好入口
3276,豆花鲜花饼,口感,云南大救驾
3277,豆花鲜花饼,口感,云南大救驾
3278,豆花鲜花饼,口感,五花肉
3279,豆花鲜花饼,口感,酸菜鱼
3280,豆花鲜花饼,口感,大杂烩炒面
3281,豆花鲜花饼,口感,布丁
3282,豆花鲜花饼,口感,酸菜鱼
3283,豆花鲜花饼,口感,鲜花饼
3284,豆花鲜花饼,口感,豆花鲜花饼
3285,豆花鲜花饼,口感,云南大救驾
3286,豆花鲜花饼,口感,云南大救驾
3287,豆花鲜花饼,口感,五花肉
3288,豆花鲜花饼,口感,酸菜鱼
3289,豆花鲜花饼,口感,大杂烩炒面
3290,豆花鲜花饼,口感,布丁
3291,豆花鲜花饼,口感,酸菜鱼
3292,豆花鲜花饼,口感,鲜花饼
3293,豆花鲜花饼,口感,豆花鲜花饼
3294,食物,名称,火锅店
3295,火锅店,外形,新鲜
3296,火锅店,外形,假山
3297,火锅店,外形,高大上
3298,食物,名称,火锅
3299,火锅,外形,新鲜
3300,火锅,外形,假山
3301,火锅,外形,火锅店
3302,火锅,外形,火锅
3303,火锅,外形,火锅店
3304,火锅,外形,火锅
3305,食物,名称,糖醋鱼
3306,糖醋鱼,口感,甜甜的
3307,糖醋鱼,口感,酥
3308,食物,名称,山粉圆烧肉
3309,山粉圆烧肉,味道,淡
3310,山粉圆烧肉,味道,糖醋鱼
3311,山粉圆烧肉,味道,山粉圆烧肉
3312,山粉圆烧肉,味道,糖醋鱼
3313,山粉圆烧肉,味道,山粉圆烧肉
3314,食物,名称,烤鸡
3315,烤鸡,外形,不辣
3316,烤鸡,外形,红色的
3317,食物,名称,清炒丝瓜苗
3318,清炒丝瓜苗,口感,不辣
3319,清炒丝瓜苗,口感,清爽可口
3320,食物,名称,小锅米线
3321,小锅米线,味道,不辣
3322,食物,名称,手撕豇豆
3323,手撕豇豆,口感,腌过的原因
3324,手撕豇豆,外形,发黄
3325,手撕豇豆,外形,发黄
3326,食物,名称,汽锅鸡
3327,汽锅鸡,口感,淡淡的
3328,汽锅鸡,外形,淡淡的
3329,汽锅鸡,外形,淡淡的
3330,食物,名称,烤鱼
3331,烤鱼,味道,没有点评上面说的那么好
3332,烤鱼,味道,不辣
3333,烤鱼,味道,烤鸡
3334,烤鱼,味道,清炒丝瓜苗
3335,烤鱼,味道,小锅米线
3336,烤鱼,味道,手撕豇豆
3337,烤鱼,味道,汽锅鸡
3338,烤鱼,味道,烤鱼
3339,烤鱼,味道,烤鸡
3340,烤鱼,味道,清炒丝瓜苗
3341,烤鱼,味道,小锅米线
3342,烤鱼,味道,手撕豇豆
3343,烤鱼,味道,汽锅鸡
3344,烤鱼,味道,烤鱼
3345,,,免费霸王餐
3346,,,自助蔬菜
3347,,,免费霸王餐
3348,,,自助蔬菜
3349,,,免费霸王餐
3350,,,自助蔬菜
3351,,,嘎嘎
3352,食物,名称,麻辣牛肉
3353,麻辣牛肉,味道,香
3354,麻辣牛肉,味道,越吃越有味道
3355,麻辣牛肉,味道,不辣
3356,麻辣牛肉,味道,嘎嘎
3357,麻辣牛肉,味道,麻辣牛肉
3358,麻辣牛肉,味道,嘎嘎
3359,麻辣牛肉,味道,麻辣牛肉
3360,食物,名称,虾仁粥
3361,虾仁粥,外形,软烂
3362,虾仁粥,外形,精致
3363,食物,名称,榴莲酥
3364,榴莲酥,口感,清淡口
3365,榴莲酥,外形,清淡口
3366,榴莲酥,外形,精致
3367,食物,名称,虾汁唐生菜
3368,虾汁唐生菜,口感,腥咸
3369,虾汁唐生菜,口感,软烂
3370,食物,名称,叉烧包
3371,叉烧包,口感,甜口的
3372,叉烧包,口感,不腻
3373,叉烧包,口感,甜口的
3374,食物,名称,盐焗鸡
3375,盐焗鸡,口感,入味
3376,盐焗鸡,口感,细嫩鲜嫩
3377,食物,名称,杨枝甘露
3378,杨枝甘露,口感,清淡口
3379,杨枝甘露,外形,清淡口
3380,杨枝甘露,外形,精致
3381,食物,名称,流沙包
3382,流沙包,口感,甜
3383,流沙包,口感,不腻
3384,食物,名称,杨枝甘露
3385,杨枝甘露,口感,清淡口
3386,杨枝甘露,外形,清淡口
3387,杨枝甘露,外形,精致
3388,杨枝甘露,外形,利苑
3389,杨枝甘露,外形,虾饺
3390,食物,名称,叉烧包
3391,叉烧包,口感,甜口的
3392,叉烧包,口感,不腻
3393,叉烧包,口感,甜口的
3394,食物,名称,蜜汁叉烧
3395,蜜汁叉烧,口感,入味
3396,蜜汁叉烧,口感,细嫩鲜嫩
3397,食物,名称,流沙包
3398,流沙包,口感,甜
3399,流沙包,口感,不腻
3400,食物,名称,流沙包
3401,流沙包,口感,甜
3402,流沙包,口感,不腻
3403,流沙包,口感,虾饺
3404,食物,名称,小笼
3405,小笼,外形,皮薄陷厚
3406,小笼,外形,皮薄陷厚
3407,食物,名称,点心
3408,点心,外形,精致
3409,食物,名称,流沙包
3410,流沙包,口感,甜
3411,流沙包,口感,不腻
3412,流沙包,口感,虾仁粥
3413,流沙包,口感,榴莲酥
3414,流沙包,口感,虾汁唐生菜
3415,流沙包,口感,叉烧包
3416,流沙包,口感,盐焗鸡
3417,流沙包,口感,杨枝甘露
3418,流沙包,口感,流沙包
3419,流沙包,口感,杨枝甘露
3420,流沙包,口感,利苑
3421,流沙包,口感,虾饺
3422,流沙包,口感,叉烧包
3423,流沙包,口感,蜜汁叉烧
3424,流沙包,口感,流沙包
3425,流沙包,口感,流沙包
3426,流沙包,口感,虾饺
3427,流沙包,口感,小笼
3428,流沙包,口感,点心
3429,流沙包,口感,流沙包
3430,流沙包,口感,虾仁粥
3431,流沙包,口感,榴莲酥
3432,流沙包,口感,虾汁唐生菜
3433,流沙包,口感,叉烧包
3434,流沙包,口感,盐焗鸡
3435,流沙包,口感,杨枝甘露
3436,流沙包,口感,流沙包
3437,流沙包,口感,杨枝甘露
3438,流沙包,口感,利苑
3439,流沙包,口感,虾饺
3440,流沙包,口感,叉烧包
3441,流沙包,口感,蜜汁叉烧
3442,流沙包,口感,流沙包
3443,流沙包,口感,流沙包
3444,流沙包,口感,虾饺
3445,流沙包,口感,小笼
3446,流沙包,口感,点心
3447,流沙包,口感,流沙包
3448,食物,名称,提拉米苏
3449,提拉米苏,外形,细腻
3450,提拉米苏,外形,正方形
3451,提拉米苏,外形,下午茶
3452,食物,名称,意式咖啡
3453,意式咖啡,外形,青绿色的
3454,食物,名称,意式咖啡
3455,意式咖啡,外形,青绿色的
3456,意式咖啡,外形,精品咖啡
3457,食物,名称,焦糖玛奇朵摩卡榛果拿铁
3458,焦糖玛奇朵摩卡榛果拿铁,外形,青绿色的
3459,食物,名称,咖啡
3460,咖啡,外形,青绿色的
3461,食物,名称,咖啡
3462,咖啡,外形,青绿色的
3463,食物,名称,咖啡
3464,咖啡,外形,青绿色的
3465,咖啡,外形,提拉米苏
3466,咖啡,外形,下午茶
3467,咖啡,外形,意式咖啡
3468,咖啡,外形,意式咖啡
3469,咖啡,外形,精品咖啡
3470,咖啡,外形,焦糖玛奇朵摩卡榛果拿铁
3471,咖啡,外形,咖啡
3472,咖啡,外形,咖啡
3473,咖啡,外形,咖啡
3474,咖啡,外形,提拉米苏
3475,咖啡,外形,下午茶
3476,咖啡,外形,意式咖啡
3477,咖啡,外形,意式咖啡
3478,咖啡,外形,精品咖啡
3479,咖啡,外形,焦糖玛奇朵摩卡榛果拿铁
3480,咖啡,外形,咖啡
3481,咖啡,外形,咖啡
3482,咖啡,外形,咖啡
3483,食物,名称,霸王餐
3484,霸王餐,味道,香
3485,霸王餐,口感,新鲜
3486,霸王餐,口感,有嚼劲
3487,霸王餐,外形,有筋道
3488,霸王餐,外形,白白的
3489,食物,名称,霸王餐
3490,霸王餐,味道,香
3491,霸王餐,口感,新鲜
3492,霸王餐,口感,有嚼劲
3493,霸王餐,外形,有筋道
3494,霸王餐,外形,白白的
3495,霸王餐,外形,霸王餐
3496,霸王餐,外形,霸王餐
3497,霸王餐,外形,霸王餐
3498,霸王餐,外形,霸王餐
3499,,,烧鹅
3500,,,惠记茶餐厅
3501,,,米饭
3502,,,酸辣海带丝
3503,,,上汤娃娃菜
3504,,,烧鹅
3505,,,烧鹅
3506,,,惠记茶餐厅
3507,,,米饭
3508,,,酸辣海带丝
3509,,,上汤娃娃菜
3510,,,烧鹅
3511,,,烧鹅
3512,,,惠记茶餐厅
3513,,,米饭
3514,,,酸辣海带丝
3515,,,上汤娃娃菜
3516,,,烧鹅
3517,,,章鱼烧
3518,食物,名称,雪蟹福袋
3519,雪蟹福袋,外形,高端大气
3520,雪蟹福袋,外形,冬瓜茶
3521,食物,名称,三文鱼
3522,三文鱼,口感,不辣
3523,三文鱼,口感,都是肉
3524,三文鱼,外形,厚切的
3525,三文鱼,外形,厚切的
3526,食物,名称,霸王餐
3527,霸王餐,味道,不辣
3528,食物,名称,霸王餐
3529,霸王餐,味道,不辣
3530,霸王餐,味道,叶绿素
3531,霸王餐,味道,章鱼烧
3532,霸王餐,味道,雪蟹福袋
3533,霸王餐,味道,冬瓜茶
3534,霸王餐,味道,三文鱼
3535,霸王餐,味道,霸王餐
3536,霸王餐,味道,霸王餐
3537,霸王餐,味道,叶绿素
3538,霸王餐,味道,章鱼烧
3539,霸王餐,味道,雪蟹福袋
3540,霸王餐,味道,冬瓜茶
3541,霸王餐,味道,三文鱼
3542,霸王餐,味道,霸王餐
3543,霸王餐,味道,霸王餐
3544,霸王餐,味道,叶绿素
3545,食物,名称,面线糊
3546,面线糊,口感,饱
3547,面线糊,口感,鲜美爽滑
3548,面线糊,口感,西街面线
3549,食物,名称,面线糊
3550,面线糊,口感,饱
3551,面线糊,口感,鲜美爽滑
3552,食物,名称,荤素海鲜
3553,荤素海鲜,外形,全的很
3554,荤素海鲜,外形,米线
3555,食物,名称,面线糊
3556,面线糊,口感,饱
3557,面线糊,口感,鲜美爽滑
3558,面线糊,口感,面线糊
3559,面线糊,口感,西街面线
3560,面线糊,口感,面线糊
3561,面线糊,口感,荤素海鲜
3562,面线糊,口感,米线
3563,面线糊,口感,面线糊
3564,面线糊,口感,面线糊
3565,面线糊,口感,西街面线
3566,面线糊,口感,面线糊
3567,面线糊,口感,荤素海鲜
3568,面线糊,口感,米线
3569,面线糊,口感,面线糊
3570,食物,名称,鱼头泡饼
3571,鱼头泡饼,口感,正宗
3572,鱼头泡饼,口感,有口感
3573,食物,名称,宫爆鸡丁
3574,宫爆鸡丁,味道,不辣
3575,宫爆鸡丁,味道,大鸭梨
3576,食物,名称,焗南瓜条
3577,焗南瓜条,味道,不辣
3578,焗南瓜条,味道,鲜花椒炝鱼片
3579,焗南瓜条,味道,鱼头泡饼
3580,焗南瓜条,味道,宫爆鸡丁
3581,焗南瓜条,味道,大鸭梨
3582,焗南瓜条,味道,焗南瓜条
3583,焗南瓜条,味道,鲜花椒炝鱼片
3584,焗南瓜条,味道,鱼头泡饼
3585,焗南瓜条,味道,宫爆鸡丁
3586,焗南瓜条,味道,大鸭梨
3587,焗南瓜条,味道,焗南瓜条
3588,焗南瓜条,味道,鲜花椒炝鱼片
3589,,,拿铁
3590,食物,名称,大阪烧
3591,大阪烧,外形,好看
3592,大阪烧,外形,卡布奇诺
3593,食物,名称,玉子烧
3594,玉子烧,味道,浓
3595,玉子烧,口感,咸
3596,玉子烧,口感,滑
3597,食物,名称,海鲜大阪烧
3598,海鲜大阪烧,外形,好看
3599,海鲜大阪烧,外形,霸王餐
3600,海鲜大阪烧,外形,华夫饼
3601,食物,名称,咖啡
3602,咖啡,味道,苦
3603,咖啡,味道,拿铁
3604,咖啡,味道,大阪烧
3605,咖啡,味道,卡布奇诺
3606,咖啡,味道,玉子烧
3607,咖啡,味道,海鲜大阪烧
3608,咖啡,味道,霸王餐
3609,咖啡,味道,华夫饼
3610,咖啡,味道,咖啡
3611,咖啡,味道,拿铁
3612,咖啡,味道,大阪烧
3613,咖啡,味道,卡布奇诺
3614,咖啡,味道,玉子烧
3615,咖啡,味道,海鲜大阪烧
3616,咖啡,味道,霸王餐
3617,咖啡,味道,华夫饼
3618,咖啡,味道,咖啡
3619,,,盐水鸭
3620,,,碳烤酱鸭
3621,,,盐水鸭
3622,,,碳烤酱鸭
3623,,,盐水鸭
3624,,,碳烤酱鸭
